Workbook

Sheet Sheet1
A1: 순번 | B1: 국가 | C1: 발명의 명칭 | D1: 열1 | E1: 분류 | F1: 등록번호 | G1: 등록일자 | H1: 출원인 | I1: 국제출원번호 | J1: 국제출원일자 | K1: 국제공개번호 | L1: 국제공개일자 | M1: 요약 | N1: 대리인 | O1: 발명자 | P1: 발명자수 | Q1: 반영비율 | R1: 점수
A2: 1 | B2: US | C2: Measurement for space reuse in multi-AP system | D2: =COUNTIF(Sheet2!I:I, 표1_3[[#This Row],[등록번호]]) -> 0 | E2: B2 | F2: 12414050 | G2: 2025.09.09 | H2: LG ELECTRONICS INC. | I2: PCT/KR2020/018882 | J2: 20201222 | K2: WO2021172727 | L2: 2021.09.02 | M2: A method performed at a sharing access point (AP) of a wireless local area network (LAN) system may comprise the steps of: transmitting, to a first station (STA), a first measurement notification frame requesting measurement of a received signal strength indicator (RSSI); transmitting, to the first STA, a first measurement request frame for requesting a first path loss value which is path loss information of an overlapping basic service set (OBSS) AP and the first STA and an acceptable receiver interference level (ARIL) value; receiving, from the first STA, a first measurement report frame including the first path loss and a first ARIL value of the first STA; and transmitting, to the first STA, first data. | N2: BRYAN CAVE LEIGHTON PAISNER LLP | O2: Sungjin Park|Jeongki Kim|Jinsoo Choi|Namyeong Kim|Taewon Song|Insun Jang | P2: =COUNTA(_xlfn.TEXTSPLIT(표1_3[[#This Row],[발명자]], "|")) -> 6 | Q2: =1/표1_3[[#This Row],[발명자수]] -> 0.16666667 | R2: =300*표1_3[[#This Row],[반영비율]] -> 50
A3: 2 | B3: US | C3: Transmission of capability information about link | D3: =COUNTIF(Sheet2!I:I, 표1_3[[#This Row],[등록번호]]) -> 0 | E3: B2 | F3: 12408083 | G3: 2025.09.02 | H3: LG ELECTRONICS INC. | M3: The present disclosure relates to a method performed by a non-access point (AP) station (STA) multi-link device (MLD) of a wireless LAN system, the method comprising the steps of: transmitting, through a first link, a negotiation frame including first maximum number of spatial stream (NSS) information to an AP MLD; and receiving a negotiation response frame from the AP MLD through the first link. | N3: BRYAN CAVE LEIGHTON PAISNER LLP | O3: Insun Jang|Jeongki Kim|Jinsoo Choi|Namyeong Kim|Suhwook Kim|Sungjin Park|Taewon Song | P3: =COUNTA(_xlfn.TEXTSPLIT(표1_3[[#This Row],[발명자]], "|")) -> 7 | Q3: =1/표1_3[[#This Row],[발명자수]] -> 0.14285714 | R3: =300*표1_3[[#This Row],[반영비율]] -> 42.857143
A4: 4 | B4: US | C4: Dynamic configuration of multi-link function in wireless LAN system | D4: =COUNTIF(Sheet2!I:I, 표1_3[[#This Row],[등록번호]]) -> 0 | E4: B2 | F4: 12389478 | G4: 2025.08.12 | H4: LG Electronics Inc. | I4: PCT/KR2021/008181 | J4: 20210629 | K4: WO2022005167 | L4: 2022.01.06 | M4: In a wireless local area network (LAN) system, a transmission MLD may include a first station (STA) and a second STA, which operate in a first link and a second link, respectively. The transmission MLD may transmit, to a reception MLD, a connection request frame including capability information related to whether a restricted basic service set (BSS) mode is supported and information related to use of the restricted BSS mode. The information related to the use of the restricted BSS mode may include first information related to an STA (among STAs in the transmission MLD) which operating in the restricted BSS mode, in which monitoring for signal reception (by the STA operating in the restricted BSS from an STA not operating in the restricted BSS mode) is performed based on acquisition of information indicating reception of a signal. The transmission MLD may receive a connection response frame from the reception MLD. | N4: Fish & Richardson P.C. | O4: Namyeong Kim|Jeongki Kim|Jinsoo Choi|Taewon Song|Insun Jang | P4: =COUNTA(_xlfn.TEXTSPLIT(표1_3[[#This Row],[발명자]], "|")) -> 5 | Q4: =1/표1_3[[#This Row],[발명자수]] -> 0.2 | R4: =300*표1_3[[#This Row],[반영비율]] -> 60
A5: 3 | B5: US | C5: Link deactivation in multi-link | D5: =COUNTIF(Sheet2!I:I, 표1_3[[#This Row],[등록번호]]) -> 0 | E5: B2 | F5: 12389493 | G5: 2025.08.12 | H5: LG ELECTRONICS INC. | I5: PCT/KR2020/014772 | J5: 20201028 | K5: WO2021085995 | L5: 2021.05.06 | M5: In a Wireless Local Area Network system, a reception device can receive information about link deactivation, and deactivate a link. The proposed method includes receiving a physical protocol data unit (PPDU) including a first control field in a first link. In the method, the first control field may include information related to disablement of the first link and information on a time point at which the first link is disabled. The proposed method further includes disabling the first link based on the first control field. | N5: LEE, HONG, DEGERMAN, KANG & WAIMEY | O5: Insun Jang|Jeongki Kim|Jinsoo Choi|Suhwook Kim|Sungjin Park|Taewon Song | P5: =COUNTA(_xlfn.TEXTSPLIT(표1_3[[#This Row],[발명자]], "|")) -> 6 | Q5: =1/표1_3[[#This Row],[발명자수]] -> 0.16666667 | R5: =300*표1_3[[#This Row],[반영비율]] -> 50
A6: 5 | B6: US | C6: Reuse of space in multi-ap system | D6: =COUNTIF(Sheet2!I:I, 표1_3[[#This Row],[등록번호]]) -> 0 | E6: B2 | F6: 12376042 | G6: 2025.07.29 | H6: LG ELECTRONICS INC. | I6: PCT/KR2021/000007 | J6: 20210104 | K6: WO2021172732 | L6: 2021.09.02 | M6: A method performed by a sharing access point (AP) of a wireless local area network (LAN) system may comprise the steps of: transmitting, to a shared AP, a first station (STA) list and a first measurement notification frame which requests measurement of received signal strength indicators (RSSIs) of signals transmitted from first STAs included in the first STA list; transmitting, to each of the first STAs, a request frame which requests information related to transmission power of the signals transmitted by the first STAs; receiving a report frame including the information related to the transmission power from each of the first STAs; transmitting a multi-AP transmission trigger frame to the shared AP; and transmitting data to each of the first STAs. | N6: LEE, HONG, DEGERMAN, KANG & WAIMEY | O6: Sungjin Park|Jeongki Kim|Jinsoo Choi|Namyeong Kim|Taewon Song|Insun Jang | P6: =COUNTA(_xlfn.TEXTSPLIT(표1_3[[#This Row],[발명자]], "|")) -> 6 | Q6: =1/표1_3[[#This Row],[발명자수]] -> 0.16666667 | R6: =300*표1_3[[#This Row],[반영비율]] -> 50
A7: 6 | B7: US | C7: Technique for performing multi-link communication in wireless communication system | D7: =COUNTIF(Sheet2!I:I, 표1_3[[#This Row],[등록번호]]) -> 0 | E7: B2 | F7: 12369122 | G7: 2025.07.22 | H7: LG ELECTRONICS INC. | I7: PCT/KR2021/000316 | J7: 20210111 | K7: WO2021141467 | L7: 2021.07.15 | M7: According to various embodiments, a multi-link device (MLD) may transmit, to an access point (AP), a request frame for activating a power saving mechanism (PSM). The multi-link device may receive a response frame for activating the PSM. The multi-link device may activate the PSM in at least one of a first link or the second link on the basis of the response frame. | N7: LEE, HONG, DEGERMAN, KANG & WAIMEY | O7: Namyeong Kim|Jeongki Kim|Jinsoo Choi|Suhwook Kim|Sungjin Park|Taewon Song|Insun Jang | P7: =COUNTA(_xlfn.TEXTSPLIT(표1_3[[#This Row],[발명자]], "|")) -> 7 | Q7: =1/표1_3[[#This Row],[발명자수]] -> 0.14285714 | R7: =300*표1_3[[#This Row],[반영비율]] -> 42.857143
A8: 7 | B8: US | C8: Technique for performing multilink communication in wireless communication system | D8: =COUNTIF(Sheet2!I:I, 표1_3[[#This Row],[등록번호]]) -> 0 | E8: B2 | F8: 12356479 | G8: 2025.07.08 | H8: LG ELECTRONICS INC. | I8: PCT/KR2020/017460 | J8: 20201202 | K8: WO2021112558 | L8: 2021.06.10 | M8: According to various embodiments, a multi-link device (MLD) including a first STA and a second STA can receive a DL PPDU through a first link. The multi-link device can set the state of the second STA to be a doze state during the duration of the DL PPDU. The multi-link device can transmit an ACK frame through the first link in response to the DL PPDU. The multilink device can set the state of the second STA to be an awake state during the duration of the ACK frame. | N8: LEE, HONG, DEGERMAN, KANG & WAIMEY | O8: Namyeong Kim|Jeongki Kim|Jinsoo Choi|Suhwook Kim|Sungjin Park|Taewon Song|Insun Jang | P8: =COUNTA(_xlfn.TEXTSPLIT(표1_3[[#This Row],[발명자]], "|")) -> 7 | Q8: =1/표1_3[[#This Row],[발명자수]] -> 0.14285714 | R8: =300*표1_3[[#This Row],[반영비율]] -> 42.857143
A9: 8 | B9: US | C9: Multi-link setup in wireless communication system | D9: =COUNTIF(Sheet2!I:I, 표1_3[[#This Row],[등록번호]]) -> 0 | E9: B2 | F9: 12342403 | G9: 2025.06.24 | H9: LG Electronics Inc. | M9: In a wireless local area network (WLAN) system, an STA MLD may include a first STA and a second STA, wherein the first STA operates on a first link, and the second STA operates on a second link. The STA MLD may transmit an association request frame to an access point (AP) MLD. The association request frame may include capability information of a requesting STA, which requests to be associated with the AP MLD, among STAs included in the STA MLD and information related to a request link, to with which a request to be associated is transmitted by the requesting STAs. The STA MLD may receive an association response frame from the AP MLD. The association response frame may include capability information of an AP that operates in a link, an association with which is accepted by the AP MLD, among the request links. | N9: Fish & Richardson P.C. | O9: Insun Jang|Jeongki Kim|Jinsoo Choi|Namyeong Kim|Taewon Song|Sunhee Baek | P9: =COUNTA(_xlfn.TEXTSPLIT(표1_3[[#This Row],[발명자]], "|")) -> 6 | Q9: =1/표1_3[[#This Row],[발명자수]] -> 0.16666667 | R9: =300*표1_3[[#This Row],[반영비율]] -> 50
A10: 10 | B10: US | C10: Method for performing multi-link communication in wireless communication system | D10: =COUNTIF(Sheet2!I:I, 표1_3[[#This Row],[등록번호]]) -> 0 | E10: B2 | F10: 12336031 | G10: 2025.06.17 | H10: LG ELECTRONICS INC. | I10: PCT/KR2020/017459 | J10: 20201202 | K10: WO2021112557 | L10: 2021.06.10 | M10: According to various embodiments, a multi-link device (MLD) may transmit, to an AP, a request frame for changing a primary link. On the basis of the request frame, the MLD may receive a response frame from the AP. On the basis of the response frame, the MLD may determine whether to change the primary link. | N10: LEE, HONG, DEGERMAN, KANG & WAIMEY | O10: Namyeong Kim|Jeongki Kim|Jinsoo Choi|Suhwook Kim|Sungjin Park|Taewon Song|Insun Jang | P10: =COUNTA(_xlfn.TEXTSPLIT(표1_3[[#This Row],[발명자]], "|")) -> 7 | Q10: =1/표1_3[[#This Row],[발명자수]] -> 0.14285714 | R10: =300*표1_3[[#This Row],[반영비율]] -> 42.857143
A11: 9 | B11: US | C11: Technique for performing multi-link communication in wireless communication system | D11: =COUNTIF(Sheet2!I:I, 표1_3[[#This Row],[등록번호]]) -> 0 | E11: B2 | F11: 12336032 | G11: 2025.06.17 | H11: LG ELECTRONICS INC. | I11: PCT/KR2021/002078 | J11: 20210218 | K11: WO2021167376 | L11: 2021.08.26 | M11: According to various embodiments, a multi-link device (MLD) operating in a plurality of links may transmit a first request frame for requesting information on the plurality of links. The multi-link device may receive a first response frame on the basis of the first request frame. The first response frame may include information on a ratio of stations (STAs) using a first link as an anchor link, and information on a ratio of STAs using a second link as an anchor link. | N11: BRYAN CAVE LEIGHTON PAISNER LLP | O11: Namyeong Kim|Jeongki Kim|Jinsoo Choi|Sungjin Park|Taewon Song|Insun Jang | P11: =COUNTA(_xlfn.TEXTSPLIT(표1_3[[#This Row],[발명자]], "|")) -> 6 | Q11: =1/표1_3[[#This Row],[발명자수]] -> 0.16666667 | R11: =300*표1_3[[#This Row],[반영비율]] -> 50
A12: 11 | B12: US | C12: Transmission power in multi-AP transmission using space reuse | D12: =COUNTIF(Sheet2!I:I, 표1_3[[#This Row],[등록번호]]) -> 0 | E12: B2 | F12: 12328686 | G12: 2025.06.10 | H12: LG ELECTRONICS INC. | I12: PCT/KR2021/000194 | J12: 20210107 | K12: WO2021177587 | L12: 2021.09.10 | M12: In a wireless local area network (LAN) system, a shared AP may determine PPDU transmission power to be transmitted to an STA on the basis of an ARIL of the STA, transmission power of a signal transmitted to the STA by a sharing AP, and an RSSI of a signal received from the sharing AP by the STA. | N12: Bryan Cave Leighton Paisner LLP | O12: Sungjin Park|Jeongki Kim|Jinsoo Choi|Namyeong Kim|Taewon Song|Insun Jang | P12: =COUNTA(_xlfn.TEXTSPLIT(표1_3[[#This Row],[발명자]], "|")) -> 6 | Q12: =1/표1_3[[#This Row],[발명자수]] -> 0.16666667 | R12: =300*표1_3[[#This Row],[반영비율]] -> 50
A13: 13 | B13: US | C13: Trigger-based data transmission | D13: =COUNTIF(Sheet2!I:I, 표1_3[[#This Row],[등록번호]]) -> 0 | E13: B2 | F13: 12317317 | G13: 2025.05.27 | H13: LG ELECTRONICS INC. | I13: PCT/KR2021/001692 | J13: 20210209 | K13: WO2021162399 | L13: 2021.08.19 | M13: In a wireless local area network (WLAN) system, an STA performs CCA on resources allocated thereto via a trigger frame from an AP and can transmit a TB PPDU via an idle channel among the allocated resources on the basis of the result of the CCA, wherein the PHY of the TB PPDU may include information about the result of the CCA. | N13: LEE, HONG, DEGERMAN, KANG & WAIMEY | O13: Insun Jang|Jeongki Kim|Jinsoo Choi|Suhwook Kim|Namyeong Kim|Sungjin Park|Taewon Song | P13: =COUNTA(_xlfn.TEXTSPLIT(표1_3[[#This Row],[발명자]], "|")) -> 7 | Q13: =1/표1_3[[#This Row],[발명자수]] -> 0.14285714 | R13: =300*표1_3[[#This Row],[반영비율]] -> 42.857143
A14: 12 | B14: US | C14: Method and device for acquiring information on links between MLDs in wireless LAN system | D14: =COUNTIF(Sheet2!I:I, 표1_3[[#This Row],[등록번호]]) -> 0 | E14: B2 | F14: 12317351 | G14: 2025.05.27 | H14: LG ELECTRONICS INC. | I14: PCT/KR2021/012103 | J14: 20210907 | K14: WO2022050814 | L14: 2022.03.10 | M14: Proposed are a method and device for acquiring information on links between MLDs in a wireless LAN system. Specifically, a receiving MLD transmits a probe request frame to a transmitting MLD through a first link. The receiving MLD receives a probe response frame from the transmitting MLD through the first link. The transmitting MLD comprises: a first transmitting STA operating in the first link; a second transmitting STA operating in a second link; and a third transmitting STA operating in a third link. The receiving MLD comprises a first receiving STA operating in the first link. When the first receiving STA requests for information on the second and third links, the probe request frame includes link identifiers for the second and third links. When the first receiving STA requests for information on all the links, the probe request frame does not include link identifiers for all the links. | N14: LEE, HONG, DEGERMAN, KANG & WAIMEY | O14: Namyeong Kim|Jeongki Kim|Jinsoo Choi|Taewon Song|Insun Jang | P14: =COUNTA(_xlfn.TEXTSPLIT(표1_3[[#This Row],[발명자]], "|")) -> 5 | Q14: =1/표1_3[[#This Row],[발명자수]] -> 0.2 | R14: =300*표1_3[[#This Row],[반영비율]] -> 60
A15: 14 | B15: US | C15: HARQ operations at PHY layer level | D15: =COUNTIF(Sheet2!I:I, 표1_3[[#This Row],[등록번호]]) -> 0 | E15: B2 | F15: 12309099 | G15: 2025.05.20 | H15: LG ELECTRONICS INC. | I15: PCT/KR2020/011417 | J15: 20200826 | K15: WO2021066326 | L15: 2021.04.08 | M15: An AP and a STA can perform a PHY-level HARQ operation in a wireless local area network system, and the AP can transmit resource allocation information about a PHY-level feedback frame to be transmitted by a plurality of STAs. The AP can receive a plurality of HARQ feedback frames from a plurality of STAs. The plurality of HARQ feedback frames are PHY layer signals. The resource allocation information can include information related to a tone set and a symbol from which transmission of the plurality of HARQ feedback frames are started. | N15: BRYAN CAVE LEIGHTON PAISNER LLP | O15: Taewon Song|Jeongki Kim|Jinsoo Choi|Suhwook Kim|Jinmin Kim|Sungjin Park|Insun Jang | P15: =COUNTA(_xlfn.TEXTSPLIT(표1_3[[#This Row],[발명자]], "|")) -> 7 | Q15: =1/표1_3[[#This Row],[발명자수]] -> 0.14285714 | R15: =300*표1_3[[#This Row],[반영비율]] -> 42.857143
A16: 16 | B16: US | C16: Shared AP selection in multi-AP system | D16: =COUNTIF(Sheet2!I:I, 표1_3[[#This Row],[등록번호]]) -> 0 | E16: B2 | F16: 12302213 | G16: 2025.05.13 | H16: LG ELECTRONICS INC. | I16: PCT/KR2020/012138 | J16: 20200909 | K16: WO2021075725 | L16: 2021.04.22 | M16: In a wireless local area network (LAN) system, a sharing access point (AP): receives, from a first AP, basic service set (BSS) information of the first AP; receives, from a second AP, BSS information of the second AP; receives, from a station (STA), a link report signal including link quality information about the link between the first AP and the STA and link quality information about the link between the second AP and the STA; and selects the first AP as a shared AP on the basis of first and second capability information and the link quality information. | N16: LEE, HONG, DEGERMAN, KANG & WAIMEY | O16: Sungjin Park|Jeongki Kim|Jinsoo Choi|Suhwook Kim|Taewon Song|Insun Jang | P16: =COUNTA(_xlfn.TEXTSPLIT(표1_3[[#This Row],[발명자]], "|")) -> 6 | Q16: =1/표1_3[[#This Row],[발명자수]] -> 0.16666667 | R16: =300*표1_3[[#This Row],[반영비율]] -> 50
A17: 15 | B17: US | C17: Technique for performing multi-link communication in wireless communication system | D17: =COUNTIF(Sheet2!I:I, 표1_3[[#This Row],[등록번호]]) -> 0 | E17: B2 | F17: 12302248 | G17: 2025.05.13 | H17: LG ELECTRONICS INC. | I17: PCT/KR2020/017458 | J17: 20201202 | K17: WO2021112556 | L17: 2021.06.10 | M17: According to various embodiments, a multi-link device including a first STA and a second STA may receive, via the first STA, at least one PPDU within a transmission opportunity (TXOP) configured in a first link. While the at least one PPDU is received, the state of the second STA may be set to a doze state. The multi-link device may receive, via the first STA, a first control frame for the truncation of the TXOP. The multi-link device may change the state of the second STA from the doze state to an awake state on the basis of the first control frame. | N17: LEE, HONG, DEGERMAN, KANG & WAIMEY | O17: Namyeong Kim|Jeongki Kim|Jinsoo Choi|Suhwook Kim|Sungjin Park|Taewon Song|Insun Jang | P17: =COUNTA(_xlfn.TEXTSPLIT(표1_3[[#This Row],[발명자]], "|")) -> 7 | Q17: =1/표1_3[[#This Row],[발명자수]] -> 0.14285714 | R17: =300*표1_3[[#This Row],[반영비율]] -> 42.857143
A18: 17 | B18: US | C18: Technique for performing multi-link communication in wireless communication system | D18: =COUNTIF(Sheet2!I:I, 표1_3[[#This Row],[등록번호]]) -> 0 | E18: B2 | F18: 12289685 | G18: 2025.04.29 | H18: LG ELECTRONICS INC. | I18: PCT/KR2021/000315 | J18: 20210111 | K18: WO2021141466 | L18: 2021.07.15 | M18: According to various embodiments, a multi-link device including a first STA and a second STA may receive a first PPDU by means of the first STA. The PPDU may include information about traffic buffered in the second STA operating in a second link. In response to the first PPDU, the multi-link device may change the second STA from a doze state to an awake state, and transmit information about the state of the second STA by means of the second STA. | N18: LEE, HONG, DEGERMAN, KANG & WAIMEY | O18: Namyeong Kim|Jeongki Kim|Jinsoo Choi|Suhwook Kim|Sungjin Park|Taewon Song|Insun Jang | P18: =COUNTA(_xlfn.TEXTSPLIT(표1_3[[#This Row],[발명자]], "|")) -> 7 | Q18: =1/표1_3[[#This Row],[발명자수]] -> 0.14285714 | R18: =300*표1_3[[#This Row],[반영비율]] -> 42.857143
A19: 18 | B19: US | C19: Multi-link channel access | D19: =COUNTIF(Sheet2!I:I, 표1_3[[#This Row],[등록번호]]) -> 0 | E19: B2 | F19: 12279303 | G19: 2025.04.15 | H19: LG ELECTRONICS INC. | I19: PCT/KR2020/015340 | J19: 20201104 | K19: WO2021091231 | L19: 2021.05.14 | M19: In a wireless local area network (WLAN) system, a transmitting multi-link device (MLD) may defer the transmission of a PPDU on a first link, even if a back-off counter of a non-primary link reaches zero, as long as a back-off counter of a primary link does not reach zero. When the transmission of the PPDU is deferred, the back-off counter may be kept at zero. | N19: LEE, HONG, DEGERMAN, KANG & WAIMEY | O19: Insun Jang|Jeongki Kim|Jinsoo Choi|Suhwook Kim|Namyeong Kim|Sungjin Park|Taewon Song | P19: =COUNTA(_xlfn.TEXTSPLIT(표1_3[[#This Row],[발명자]], "|")) -> 7 | Q19: =1/표1_3[[#This Row],[발명자수]] -> 0.14285714 | R19: =300*표1_3[[#This Row],[반영비율]] -> 42.857143
A20: 19 | B20: US | C20: Method for performing multi-link communication in wireless communication system | D20: =COUNTIF(Sheet2!I:I, 표1_3[[#This Row],[등록번호]]) -> 0 | E20: B2 | F20: 12273945 | G20: 2025.04.08 | H20: LG ELECTRONICS INC. | I20: PCT/KR2021/002686 | J20: 20210304 | K20: WO2021177749 | L20: 2021.09.10 | M20: According to various embodiments, a multi-link device (MLD) operating in a plurality of links including a first link can transmit a request frame to a first AP of an AP MLD through a first STA (station), wherein the request frame includes an information field for requesting every element included in an element set designated for a second link. The MLD can, on the basis of the request frame, receive every element included in the element set designated for the second link. | N20: BRYAN CAVE LEIGHTON PAISNER LLP | O20: Namyeong Kim|Jeongki Kim|Jinsoo Choi|Sungjin Park|Taewon Song|Insun Jang | P20: =COUNTA(_xlfn.TEXTSPLIT(표1_3[[#This Row],[발명자]], "|")) -> 6 | Q20: =1/표1_3[[#This Row],[발명자수]] -> 0.16666667 | R20: =300*표1_3[[#This Row],[반영비율]] -> 50
A21: 20 | B21: US | C21: Signaling for multi-link transmission | D21: =COUNTIF(Sheet2!I:I, 표1_3[[#This Row],[등록번호]]) -> 0 | E21: B2 | F21: 12267900 | G21: 2025.04.01 | H21: LG ELECTRONICS INC. | I21: PCT/KR2021/000273 | J21: 20210108 | K21: WO2021141449 | L21: 2021.07.15 | M21: In a wireless local area network system, a multi-link device (MLD) may transmit a multi-link element including a number-of-links field and a link present field indicating whether the number-of-links field exists. The multi-link element further includes a multi-link control field, a common information field, and a link information field. The number-of-links field may be included in the multi-link control field. | N21: LEE, HONG, DEGERMAN, KANG & WAIMEY | O21: Insun Jang|Jeongki Kim|Jinsoo Choi|Suhwook Kim|Namyeong Kim|Sungjin Park|Taewon Song | P21: =COUNTA(_xlfn.TEXTSPLIT(표1_3[[#This Row],[발명자]], "|")) -> 7 | Q21: =1/표1_3[[#This Row],[발명자수]] -> 0.14285714 | R21: =300*표1_3[[#This Row],[반영비율]] -> 42.857143
A22: 21 | B22: US | C22: Ack transmission using multilink | D22: =COUNTIF(Sheet2!I:I, 표1_3[[#This Row],[등록번호]]) -> 1 | E22: B2 | F22: 12250076 | G22: 2025.03.11 | H22: LG ELECTRONICS INC. | I22: PCT/KR2020/010891 | J22: 20200814 | K22: WO2021125491 | L22: 2021.06.24 | M22: In a wireless local area network system, a receiving device may receive a Block Acknowledgment Request (BAR) frame including information related to a link for which an ACK is requested, and transmit a Block ACK (BA) frame on the basis of the BAR frame. The receiving device is a Multi-Link Device (MLD), which supports communication over multiple links. Each link of the multiple links can be configured based on 2.4 GHz band, 5 GHz band, and/or 6 GHz band defined in a conventional wireless local area network system. | N22: LEE, HONG, DEGERMAN, KANG & WAIMEY | O22: Taewon Song|Jeongki Kim|Jinsoo Choi|Suhwook Kim|Namyeong Kim|Sungjin Park|Insun Jang | P22: =COUNTA(_xlfn.TEXTSPLIT(표1_3[[#This Row],[발명자]], "|")) -> 7 | Q22: =1/표1_3[[#This Row],[발명자수]] -> 0.14285714 | R22: =300*표1_3[[#This Row],[반영비율]] -> 42.857143
A23: 22 | B23: US | C23: Multi-link channel access | D23: =COUNTIF(Sheet2!I:I, 표1_3[[#This Row],[등록번호]]) -> 1 | E23: B2 | F23: 12238761 | G23: 2025.02.25 | H23: LG ELECTRONICS INC. | M23: In a wireless local area network (WLAN) system, a transmitting multi-link device (MLD) may defer the transmission of a PPDU on a first link, even if a back-off counter of a non-primary link reaches zero, as long as a back-off counter of a primary link does not reach zero. When the transmission of the PPDU is deferred, the back-off counter may be kept at zero. | N23: LEE, HONG, DEGERMAN, KANG & WAIMEY | O23: Insun Jang|Jeongki Kim|Jinsoo Choi|Suhwook Kim|Namyeong Kim|Sungjin Park|Taewon Song | P23: =COUNTA(_xlfn.TEXTSPLIT(표1_3[[#This Row],[발명자]], "|")) -> 7 | Q23: =1/표1_3[[#This Row],[발명자수]] -> 0.14285714 | R23: =300*표1_3[[#This Row],[반영비율]] -> 42.857143
A24: 24 | B24: US | C24: Method for performing multi-link communication in wireless communication system | D24: =COUNTIF(Sheet2!I:I, 표1_3[[#This Row],[등록번호]]) -> 1 | E24: B2 | F24: 12219638 | G24: 2025.02.04 | H24: LG ELECTRONICS INC. | M24: According to various embodiments, a multi-link device (MLD) operating in a plurality of links including a first link can transmit a request frame to a first AP of an AP MILD through a first STA (station), wherein the request frame includes an information field for requesting every element included in an element set designated for a second link. The MILD can, on the basis of the request frame, receive every element included in the element set designated for the second link. | N24: BRYAN CAVE LEIGHTON PAISNER LLP | O24: Namyeong Kim|Jeongki Kim|Jinsoo Choi|Sungjin Park|Taewon Song|Insun Jang | P24: =COUNTA(_xlfn.TEXTSPLIT(표1_3[[#This Row],[발명자]], "|")) -> 6 | Q24: =1/표1_3[[#This Row],[발명자수]] -> 0.16666667 | R24: =300*표1_3[[#This Row],[반영비율]] -> 50
A25: 23 | B25: US | C25: Method for changing channel in multi-links | D25: =COUNTIF(Sheet2!I:I, 표1_3[[#This Row],[등록번호]]) -> 1 | E25: B2 | F25: 12219644 | G25: 2025.02.04 | H25: LG ELECTRONICS INC. | I25: PCT/KR2020/011838 | J25: 20200903 | K25: WO2021049817 | L25: 2021.03.18 | M25: Presented are a method by which a transmitting device performs channel switching between multi-links in a wireless local area network (LAN) system, and a device. Particularly, the method comprises the steps of: transmitting multi-link channel switching capability information to a receiving device, wherein the multi-link channel switching capability information includes information related to whether the transmitting device can perform channel changing between multi-link channels; transmitting a physical protocol data unit (PPDU) to the receiving device through a first link; transmitting a multi-link channel change signal to the receiving device through the first link; and transmitting the PPDU to the receiving device through a second link. | N25: LEE, HONG, DEGERMAN, KANG & WAIMEY | O25: Insun Jang|Jeongki Kim|Jinsoo Choi|Suhwook Kim|Sungjin Park|Taewon Song | P25: =COUNTA(_xlfn.TEXTSPLIT(표1_3[[#This Row],[발명자]], "|")) -> 6 | Q25: =1/표1_3[[#This Row],[발명자수]] -> 0.16666667 | R25: =300*표1_3[[#This Row],[반영비율]] -> 50
A26: 25 | B26: US | C26: Transmission of capability information about link | D26: =COUNTIF(Sheet2!I:I, 표1_3[[#This Row],[등록번호]]) -> 1 | E26: B2 | F26: 12200544 | G26: 2025.01.14 | H26: LG ELECTRONICS INC. | I26: PCT/KR2020/018878 | J26: 20201222 | K26: WO2021162234 | L26: 2021.08.19 | M26: The present disclosure relates to a method performed by a non-access point (AP) station (STA) multi-link device (MLD) of a wireless LAN system, the method comprising the steps of: transmitting, through a first link, a negotiation frame including first maximum number of spatial stream (NSS) information to an AP MLD; and receiving a negotiation response frame from the AP MLD through the first link. | N26: BRYAN CAVE LEIGHTON PAISNER LLP | O26: Insun Jang|Jeongki Kim|Jinsoo Choi|Namyeong Kim|Suhwook Kim|Sungjin Park|Taewon Song | P26: =COUNTA(_xlfn.TEXTSPLIT(표1_3[[#This Row],[발명자]], "|")) -> 7 | Q26: =1/표1_3[[#This Row],[발명자수]] -> 0.14285714 | R26: =300*표1_3[[#This Row],[반영비율]] -> 42.857143
A27: 26 | B27: US | C27: Technique for performing multi-link communication in wireless communication system | D27: =COUNTIF(Sheet2!I:I, 표1_3[[#This Row],[등록번호]]) -> 1 | E27: B2 | F27: 12192875 | G27: 2025.01.07 | H27: LG ELECTRONICS INC. | I27: PCT/KR2021/003221 | J27: 20210316 | K27: WO2021187858 | L27: 2021.09.23 | M27: According to various embodiments, a multi-link device (MLD) operating in a plurality of links can receive a PPDU through a first link from among the plurality of links. The PPU can include a first information field related to a second link that is differentiated from the first link. The first information field related to a second link can include a second information field related to a link identifier of a second link and a third information field related to whether all pieces of element information related to a second link is included in the PPDU. | N27: BRYAN CAVE LEIGHTON PAISNER LLP | O27: Namyeong Kim|Jeongki Kim|Jinsoo Choi|Sungjin Park|Taewon Song|Insun Jang | P27: =COUNTA(_xlfn.TEXTSPLIT(표1_3[[#This Row],[발명자]], "|")) -> 6 | Q27: =1/표1_3[[#This Row],[발명자수]] -> 0.16666667 | R27: =300*표1_3[[#This Row],[반영비율]] -> 50
A28: 27 | B28: US | C28: NACK frame for HARQ operation | D28: =COUNTIF(Sheet2!I:I, 표1_3[[#This Row],[등록번호]]) -> 1 | E28: B2 | F28: 12184426 | G28: 2024.12.31 | H28: LG ELECTRONICS INC. | I28: PCT/KR2020/005100 | J28: 20200416 | K28: WO2020222446 | L28: 2020.11.05 | M28: In a wireless local area network (LAN) system, a transmission station (STA) may transmit, to a receiving STA, a PHY protocol data unit (PPDU) including a first redundancy version of transmission data. On the basis of whether an acknowledgement (ACK) or negative ACK (NACK) frame is received within a threshold time, the transmission STA may determine a second redundancy version of the transmission data to be retransmitted. | N28: BRYAN CAVE LEIGHTON PAISNER LLP | O28: Taewon Song|Kiseon Ryu|Jeongki Kim|Jinsoo Choi|Suhwook Kim|Insun Jang | P28: =COUNTA(_xlfn.TEXTSPLIT(표1_3[[#This Row],[발명자]], "|")) -> 6 | Q28: =1/표1_3[[#This Row],[발명자수]] -> 0.16666667 | R28: =300*표1_3[[#This Row],[반영비율]] -> 50
A29: 28 | B29: US | C29: Mapping of TID and link in multi-link | D29: =COUNTIF(Sheet2!I:I, 표1_3[[#This Row],[등록번호]]) -> 1 | E29: B2 | F29: 12177914 | G29: 2024.12.24 | H29: LG ELECTRONICS INC. | I29: PCT/KR2020/008060 | J29: 20200622 | K29: WO2021002617 | L29: 2021.01.07 | M29: In a wireless local area network (LAN) system, a station (STA) may transmit a first physical protocol data unit (PPDU) including information indicating that a first traffic identifier (TID) is mapped to a first link and a second TID is mapped to a second link. The STA may transmit traffic pertaining to the first TID through only the first link, and traffic pertaining to the second TID through only the second link. | N29: LEE, HONG, DEGERMAN, KANG & WAIMEY | O29: Insun Jang|Jeongki Kim|Jinsoo Choi|Suhwook Kim|Sungjin Park|Taewon Song | P29: =COUNTA(_xlfn.TEXTSPLIT(표1_3[[#This Row],[발명자]], "|")) -> 6 | Q29: =1/표1_3[[#This Row],[발명자수]] -> 0.16666667 | R29: =300*표1_3[[#This Row],[반영비율]] -> 50
A30: 29 | B30: US | C30: Resumption of PHY-level HARQ operation | D30: =COUNTIF(Sheet2!I:I, 표1_3[[#This Row],[등록번호]]) -> 0 | E30: B2 | F30: 12166584 | G30: 2024.12.10 | H30: LG ELECTRONICS INC. | I30: PCT/KR2020/009936 | J30: 20200728 | K30: WO2021033938 | L30: 2021.02.25 | M30: The present specification proposes a method for resuming a PHY-level HARQ operation in a wireless local area network (WLAN) system. The method may include transmitting a resume signal including information related to resumption of hybrid automatic repeat request (HARQ) retransmission. The method may include transmitting a physical protocol data unit (PPDU) after transmitting the resume signal. The PPDU and the resume signal may be transmitted in different transmission opportunities (TXOPs). | N30: BRYAN CAVE LEIGHTON PAISNER LLP | O30: Taewon Song|Jeongki Kim|Jinsoo Choi|Suhwook Kim|Jinmin Kim|Sungjin Park|Insun Jang | P30: =COUNTA(_xlfn.TEXTSPLIT(표1_3[[#This Row],[발명자]], "|")) -> 7 | Q30: =1/표1_3[[#This Row],[발명자수]] -> 0.14285714 | R30: =300*표1_3[[#This Row],[반영비율]] -> 42.857143
A31: 30 | B31: US | C31: MPDU padding for HARQ operation | D31: =COUNTIF(Sheet2!I:I, 표1_3[[#This Row],[등록번호]]) -> 1 | E31: B2 | F31: 12150098 | G31: 2024.11.19 | H31: LG ELECTRONICS INC. | I31: PCT/KR2020/004629 | J31: 20200406 | K31: WO2020209558 | L31: 2020.10.15 | M31: In a wireless local area network system, a station (STA) generates a physical (PHY) protocol data unit (PPDU) including at least one subframe and information related to a subframe length, wherein the subframe may include a medium access control (MAC) protocol data unit (MPDU) and a padding bit. The length of the padding bit may be determined such that the length of the subframes is an integer multiple of a codeword length. The information related to the subframe length may be information on the number of codewords related to the subframe length. A step in which the STA transmits the PPDU may be comprised. | N31: BRYAN CAVE LEIGHTON PAISNER LLP | O31: Taewon Song|Kiseon Ryu|Jeongki Kim|Jinsoo Choi|Suhwook Kim|Jinmin Kim|Insun Jang | P31: =COUNTA(_xlfn.TEXTSPLIT(표1_3[[#This Row],[발명자]], "|")) -> 7 | Q31: =1/표1_3[[#This Row],[발명자수]] -> 0.14285714 | R31: =300*표1_3[[#This Row],[반영비율]] -> 42.857143
A32: 31 | B32: US | C32: Method for performing multi-link communication in wireless communication system | D32: =COUNTIF(Sheet2!I:I, 표1_3[[#This Row],[등록번호]]) -> 1 | E32: B2 | F32: 12133162 | G32: 2024.10.29 | H32: LG ELECTRONICS INC. | I32: PCT/KR2021/002737 | J32: 20210305 | K32: WO2021177774 | L32: 2021.09.10 | M32: According to various embodiments, a multi-link device (MLD) operating in multiple links including a first link may transmit, through a first station (STA) and to a first AP of an AP multi-link device, a request frame including an information field for requesting at least one element related to a second link. The multi-link device may receive at least one element related to the second link on the basis of the request frame. | N32: BRYAN CAVE LEIGHTON PAISNER LLP | O32: Namyeong Kim|Jeongki Kim|Jinsoo Choi|Sungjin Park|Taewon Song|Insun Jang | P32: =COUNTA(_xlfn.TEXTSPLIT(표1_3[[#This Row],[발명자]], "|")) -> 6 | Q32: =1/표1_3[[#This Row],[발명자수]] -> 0.16666667 | R32: =300*표1_3[[#This Row],[반영비율]] -> 50
A33: 33 | B33: US | C33: Multi-link RTS and CTS transmissions | D33: =COUNTIF(Sheet2!I:I, 표1_3[[#This Row],[등록번호]]) -> 0 | E33: B2 | F33: 12120741 | G33: 2024.10.15 | H33: LG ELECTRONICS INC. | I33: PCT/KR2020/018689 | J33: 20201218 | K33: WO2021167223 | L33: 2021.08.26 | M33: In a wireless local area network system, a reception multi-link device (MLD) may not transmit a CTS frame, even if the reception multi-link device receives an RTS frame via a second link, in the case that an STA operating via a first link is a TXOP responder. | N33: BRYAN CAVE LEIGHTON PAISNER LLP | O33: Insun Jang|Jeongki Kim|Jinsoo Choi|Namyeong Kim|Suhwook Kim|Sungjin Park|Taewon Song | P33: =COUNTA(_xlfn.TEXTSPLIT(표1_3[[#This Row],[발명자]], "|")) -> 7 | Q33: =1/표1_3[[#This Row],[발명자수]] -> 0.14285714 | R33: =300*표1_3[[#This Row],[반영비율]] -> 42.857143
A34: 32 | B34: US | C34: Mapping of TID and link in multi-link | D34: =COUNTIF(Sheet2!I:I, 표1_3[[#This Row],[등록번호]]) -> 1 | E34: B2 | F34: 12120763 | G34: 2024.10.15 | H34: LG ELECTRONICS INC. | M34: In a wireless local area network (LAN) system, a station (STA) may transmit a first physical protocol data unit (PPDU) including information indicating that a first traffic identifier (TID) is mapped to a first link and a second TID is mapped to a second link. The STA may transmit traffic pertaining to the first TID through only the first link, and traffic pertaining to the second TID through only the second link. | N34: LEE, HONG, DEGERMAN, KANG & WAIMEY | O34: Insun Jang|Jeongki Kim|Jinsoo Choi|Suhwook Kim|Sungjin Park|Taewon Song | P34: =COUNTA(_xlfn.TEXTSPLIT(표1_3[[#This Row],[발명자]], "|")) -> 6 | Q34: =1/표1_3[[#This Row],[발명자수]] -> 0.16666667 | R34: =300*표1_3[[#This Row],[반영비율]] -> 50
A35: 34 | B35: US | C35: Data sharing in multi-AP system | D35: =COUNTIF(Sheet2!I:I, 표1_3[[#This Row],[등록번호]]) -> 0 | E35: B2 | F35: 12108418 | G35: 2024.10.01 | H35: LG ELECTRONICS INC. | I35: PCT/KR2020/010383 | J35: 20200806 | K35: WO2021045396 | L35: 2021.03.11 | M35: In a wireless local area network system, a shared AP may receive an announcement frame and a data frame from a sharing AP for multi-AP transmission. In the present disclosure, the announcement frame may be transmitted in a broadcasting scheme. The data field of the announcement frame may include an identifier (ID) of the shared AP. The shared AP may receive a data frame from the sharing AP. In the present disclosure, a receiver address (RA) field of the data frame may include an address of the sharing AP. The shared AP may decode the data frame based on the address of the sharing AP included in the RA field of the data frame. | N35: LEE, HONG, DEGERMAN, KANG & WAIMEY | O35: Sungjin Park|Jeongki Kim|Jinsoo Choi|Suhwook Kim|Taewon Song|Insun Jang | P35: =COUNTA(_xlfn.TEXTSPLIT(표1_3[[#This Row],[발명자]], "|")) -> 6 | Q35: =1/표1_3[[#This Row],[발명자수]] -> 0.16666667 | R35: =300*표1_3[[#This Row],[반영비율]] -> 50
A36: 36 | B36: US | C36: Method for performing multi-link communication in wireless communication system | D36: =COUNTIF(Sheet2!I:I, 표1_3[[#This Row],[등록번호]]) -> 1 | E36: B2 | F36: 12089140 | G36: 2024.09.10 | H36: LG ELECTRONICS INC. | M36: According to various embodiments, a multi-link device (MLD) operating in multiple links including a first link may transmit, through a first station (STA) and to a first AP of an AP multi-link device, a request frame including an information field for requesting at least one element related to a second link. The multi-link device may receive at least one element related to the second link on the basis of the request frame. | N36: BRYAN CAVE LEIGHTON PAISNER LLP | O36: Namyeong Kim|Jeongki Kim|Jinsoo Choi|Sungjin Park|Taewon Song|Insun Jang | P36: =COUNTA(_xlfn.TEXTSPLIT(표1_3[[#This Row],[발명자]], "|")) -> 6 | Q36: =1/표1_3[[#This Row],[발명자수]] -> 0.16666667 | R36: =300*표1_3[[#This Row],[반영비율]] -> 50
A37: 35 | B37: US | C37: Multi-link RTS and CTS transmissions | D37: =COUNTIF(Sheet2!I:I, 표1_3[[#This Row],[등록번호]]) -> 1 | E37: B2 | F37: 12089255 | G37: 2024.09.10 | H37: LG ELECTRONICS INC. | M37: In a wireless local area network system, a reception multi-link device (MLD) may not transmit a CTS frame, even if the reception multi-link device receives an RTS frame via a second link, in the case that an STA operating via a first link is a TXOP responder. In detail, the reception MLD may include at least one non-simultaneous transmit and receive (NSTR) link pair. A first STA affiliated with the MLD may determine to respond with the CTS frame to the RTS frame. The first STA does not respond with the CTS frame based on another STA being a transmission opportunity (TXOP) responder on another link. | N37: BRYAN CAVE LEIGHTON PAISNER LLP | O37: Insun Jang|Jeongki Kim|Jinsoo Choi|Namyeong Kim|Suhwook Kim|Sungjin Park|Taewon Song | P37: =COUNTA(_xlfn.TEXTSPLIT(표1_3[[#This Row],[발명자]], "|")) -> 7 | Q37: =1/표1_3[[#This Row],[발명자수]] -> 0.14285714 | R37: =300*표1_3[[#This Row],[반영비율]] -> 42.857143
A38: 38 | B38: US | C38: Channel access in multi-link | D38: =COUNTIF(Sheet2!I:I, 표1_3[[#This Row],[등록번호]]) -> 1 | E38: B2 | F38: 12082242 | G38: 2024.09.03 | H38: LG ELECTRONICS INC. | I38: PCT/KR2020/014771 | J38: 20201028 | K38: WO2021085994 | L38: 2021.05.06 | M38: A method for a non-simultaneous transmit and receive (non-STR) device in a wireless local area network (LAN) is provided. The non-STR device may support a multi-link communication related to a first link and a second link. The non-STR device may determine whether to transmit a first physical protocol data unit (PPDU), PPDU, based on a channel access result on the first link and a channel access result on the second link. The non-STR device determines not to transmit the first PPDU through the first link and keeps the back-off counter of the first link at zero (0) when a back-off counter of the first link reaches zero (0) and a back-off counter of the second link does not reach zero (0). | N38: LEE, HONG, DEGERMAN, KANG & WAIMEY | O38: Insun Jang|Jeongki Kim|Jinsoo Choi|Suhwook Kim|Namyeong Kim|Sungjin Park|Taewon Song | P38: =COUNTA(_xlfn.TEXTSPLIT(표1_3[[#This Row],[발명자]], "|")) -> 7 | Q38: =1/표1_3[[#This Row],[발명자수]] -> 0.14285714 | R38: =300*표1_3[[#This Row],[반영비율]] -> 42.857143
A39: 37 | B39: US | C39: Method and device for acquiring information on links between MLDS in wireless LAN system | D39: =COUNTIF(Sheet2!I:I, 표1_3[[#This Row],[등록번호]]) -> 1 | E39: B2 | F39: 12082281 | G39: 2024.09.03 | H39: LG ELECTRONICS INC. | M39: Proposed are a method and device for acquiring information on links between MLDs in a wireless LAN system. Specifically, a receiving MLD transmits a probe request frame to a transmitting MLD through a first link. The receiving MLD receives a probe response frame from the transmitting MLD through the first link. The transmitting MLD comprises: a first transmitting STA operating in the first link; a second transmitting STA operating in a second link; and a third transmitting STA operating in a third link. The receiving MLD comprises a first receiving STA operating in the first link. When the first receiving STA requests for information on the second and third links, the probe request frame includes link identifiers for the second and third links. When the first receiving STA requests for information on all the links, the probe request frame does not include link identifiers for all the links. | N39: LEE, HONG, DEGERMAN, KANG & WAIMEY | O39: Namyeong Kim|Jeongki Kim|Jinsoo Choi|Taewon Song|Insun Jang | P39: =COUNTA(_xlfn.TEXTSPLIT(표1_3[[#This Row],[발명자]], "|")) -> 5 | Q39: =1/표1_3[[#This Row],[발명자수]] -> 0.2 | R39: =300*표1_3[[#This Row],[반영비율]] -> 60
A40: 39 | B40: US | C40: Signaling for multi-link transmission | D40: =COUNTIF(Sheet2!I:I, 표1_3[[#This Row],[등록번호]]) -> 1 | E40: B2 | F40: 12058753 | G40: 2024.08.06 | H40: LG ELECTRONICS INC. | M40: In a wireless local area network system, a multi-link device (MLD) may transmit a multi-link element including a number-of-links field and a link present field indicating whether the number-of-links field exists. The multi-link element further includes a multi-link control field, a common information field, and a link information field. The number-of-links field may be included in the multi-link control field. | N40: LEE, HONG, DEGERMAN, KANG & WAIMEY | O40: Insun Jang|Jeongki Kim|Jinsoo Choi|Suhwook Kim|Namyeong Kim|Sungjin Park|Taewon Song | P40: =COUNTA(_xlfn.TEXTSPLIT(표1_3[[#This Row],[발명자]], "|")) -> 7 | Q40: =1/표1_3[[#This Row],[발명자수]] -> 0.14285714 | R40: =300*표1_3[[#This Row],[반영비율]] -> 42.857143
A41: 40 | B41: US | C41: Multi-link operation mode | D41: =COUNTIF(Sheet2!I:I, 표1_3[[#This Row],[등록번호]]) -> 0 | E41: B2 | F41: 12041675 | G41: 2024.07.16 | H41: LG ELECTRONICS INC. | M41: In a wireless local area network (WLAN) system, a station (STA) may support a multi-link. The STA may generate a PDDU including operation mode information on whether transmission of a signal and reception of a signal can be performed simultaneously. The STA may transmit the PPDU. | N41: BRYAN CAVE LEIGHTON PAISNER LLP | O41: Insun Jang|Jeongki Kim|Jinsoo Choi|Suhwook Kim|Sungjin Park|Taewon Song | P41: =COUNTA(_xlfn.TEXTSPLIT(표1_3[[#This Row],[발명자]], "|")) -> 6 | Q41: =1/표1_3[[#This Row],[발명자수]] -> 0.16666667 | R41: =300*표1_3[[#This Row],[반영비율]] -> 50
A42: 41 | B42: US | C42: Transmission of a second ACK after failure of first ACK | D42: =COUNTIF(Sheet2!I:I, 표1_3[[#This Row],[등록번호]]) -> 1 | E42: B2 | F42: 12010683 | G42: 2024.06.11 | H42: LG ELECTRONICS INC. | I42: PCT/KR2019/014253 | J42: 20191028 | K42: WO2020091331 | L42: 2020.05.07 | M42: In a wireless local area network (LAN) system, a first station (STA) may check the transfer failure of a first acknowledgement (ACK) signal for a first frame, the signal being received through a first link. The first STA may transmit report information related to the transfer failure of the first ACK signal to a second STA through a second link. Here, the report information may include identification information associated with the first link. The first STA may receive a second frame from the second STA through the first link. The first STA may transmit a second ACK signal for the second frame to the second STA through the first link on a narrowband. | N42: LEE, HONG, DEGERMAN, KANG & WAIMEY | O42: Taewon Song|Kiseon Ryu|Jeongki Kim|Jinsoo Choi|Suhwook Kim|Insun Jang | P42: =COUNTA(_xlfn.TEXTSPLIT(표1_3[[#This Row],[발명자]], "|")) -> 6 | Q42: =1/표1_3[[#This Row],[발명자수]] -> 0.16666667 | R42: =300*표1_3[[#This Row],[반영비율]] -> 50
A43: 42 | B43: US | C43: Method and device for transmitting data in wireless LAN system | D43: =COUNTIF(Sheet2!I:I, 표1_3[[#This Row],[등록번호]]) -> 1 | E43: B2 | F43: 11991676 | G43: 2024.05.21 | H43: LG ELECTRONICS INC. | I43: PCT/KR2019/012025 | J43: 20190918 | K43: WO2020060168 | L43: 2020.03.26 | M43: A method and a device for transmitting data in a wireless LAN system are proposed. Specifically, an AP transmits a band switch announcement element through a first band supported by a first and a second RF. The AP changes the first band, supported by the second RF, to a second band on the basis of the band switch announcement element. The AP transmits first data to an STA through the first band supported by the first RF and the second band supported by the second RF. The first data is transmitted through a multiple band in which the first band and the second band are combined. | N43: LEE, HONG, DEGERMAN, KANG & WAIMEY | O43: Taewon Song|Suhwook Kim|Jeongki Kim|Kiseon Ryu|Insun Jang|Jinsoo Choi | P43: =COUNTA(_xlfn.TEXTSPLIT(표1_3[[#This Row],[발명자]], "|")) -> 6 | Q43: =1/표1_3[[#This Row],[발명자수]] -> 0.16666667 | R43: =300*표1_3[[#This Row],[반영비율]] -> 50
A44: 43 | B44: US | C44: Codeword-setting technique for HARQ operation | D44: =COUNTIF(Sheet2!I:I, 표1_3[[#This Row],[등록번호]]) -> 1 | E44: B2 | F44: 11984973 | G44: 2024.05.14 | H44: LG ELECTRONICS INC. | I44: PCT/KR2020/011557 | J44: 20200828 | K44: WO2021080155 | L44: 2021.04.29 | M44: A transmission station (STA) of a wireless local area network system, according to various embodiments, may receive information related to the length of a codeword from a reception STA. On the basis of the information related to the length of the codeword, the transmission STA sets the codeword to be retransmitted and transmits same. | N44: BRYAN CAVE LEIGHTON PAISNER LLP | O44: Jinmin Kim|Jinsoo Choi|Dongguk Lim|Eunsung Park|Taewon Song | P44: =COUNTA(_xlfn.TEXTSPLIT(표1_3[[#This Row],[발명자]], "|")) -> 5 | Q44: =1/표1_3[[#This Row],[발명자수]] -> 0.2 | R44: =300*표1_3[[#This Row],[반영비율]] -> 60
A45: 44 | B45: US | C45: Method and device for controlling plurality of links in wireless local area network system supporting plurality of links | D45: =COUNTIF(Sheet2!I:I, 표1_3[[#This Row],[등록번호]]) -> 1 | E45: B2 | F45: 11943809 | G45: 2024.03.26 | H45: LG ELECTRONICS INC. | I45: PCT/KR2019/010043 | J45: 20190809 | K45: WO2020032664 | L45: 2020.02.13 | M45: According to various embodiments, a method performed in a wireless local area network (WLAN) system may comprise the steps of: receiving, by a first station (STA) supporting a first and a second link, a physical protocol data unit (PPDU) generated for a second STA, via the first link, the PPDU being received from a BSS to which the first STA belongs; setting, by the first STA, a first type NAV for the first link on the basis of the PPDU; and setting, by the first STA, a first type NAV for the second link on the basis of the PPDU. | N45: LEE, HONG, DEGERMAN, KANG & WAIMEY | O45: Insun Jang|Suhwook Kim|Jeongki Kim|Kiseon Ryu|Sungjin Park|Taewon Song|Jinsoo Choi | P45: =COUNTA(_xlfn.TEXTSPLIT(표1_3[[#This Row],[발명자]], "|")) -> 7 | Q45: =1/표1_3[[#This Row],[발명자수]] -> 0.14285714 | R45: =300*표1_3[[#This Row],[반영비율]] -> 42.857143
A46: 45 | B46: US | C46: Method and device for transceiving frame in wireless LAN system | D46: =COUNTIF(Sheet2!I:I, 표1_3[[#This Row],[등록번호]]) -> 1 | E46: B2 | F46: 11916822 | G46: 2024.02.27 | H46: LG ELECTRONICS INC. | I46: PCT/KR2019/010986 | J46: 20190828 | K46: WO2020050541 | L46: 2020.03.12 | M46: Provided is a method and device for transceiving a frame in a wireless Local Area Network (LAN) system. Particularly, an Access Point (AP) transmits a first frame to a first station (STA) via a first band. The AP receives a second frame from a second STA via a second band while the first frame is being transmitted. The first band and the second band are combined with each other as a multi-band. The multi-band simultaneously supports a Downlink (DL) transmission and a Uplink (UL) transmission. The relationship between the first STA and the second STA is a hidden node. A Physical (PHY) header of the first frame includes channel status information of the second band. A Network Allocation Vector (NAV) of the first STA is set up on the basis of the channel status information. | N46: LEE, HONG, DEGERMAN, KANG & WAIMEY | O46: Insun Jang|Suhwook Kim|Jeongki Kim|Kiseon Ryu|Taewon Song|Jinsoo Choi | P46: =COUNTA(_xlfn.TEXTSPLIT(표1_3[[#This Row],[발명자]], "|")) -> 6 | Q46: =1/표1_3[[#This Row],[발명자수]] -> 0.16666667 | R46: =300*표1_3[[#This Row],[반영비율]] -> 50
A47: 46 | B47: US | C47: Method and device for receiving WUR discovery frame in wireless LAN system | D47: =COUNTIF(Sheet2!I:I, 표1_3[[#This Row],[등록번호]]) -> 1 | E47: B2 | F47: 11889418 | G47: 2024.01.30 | H47: LG Electronics Inc. | I47: PCT/KR2019/005254 | J47: 20190502 | K47: WO2019245158 | L47: 2019.12.26 | M47: Proposed herein is a method and device for receiving a WUR discovery frame in a wireless LAN system. More specifically, a station (STA) receives a WUR discovery element from an access point (AP). The STA receives the WUR discovery frame from a neighbor AP based on the WUR discovery element. The WUR discovery element includes AP list information. The AP list information includes information on a WUR discovery period. The WUR discovery frame is received during the WUR discovery period. | N47: Fish & Richardson P.C. | O47: Taewon Song|Suhwook Kim|Jeongki Kim|Kiseon Ryu|Jinsoo Choi | P47: =COUNTA(_xlfn.TEXTSPLIT(표1_3[[#This Row],[발명자]], "|")) -> 5 | Q47: =1/표1_3[[#This Row],[발명자수]] -> 0.2 | R47: =300*표1_3[[#This Row],[반영비율]] -> 60
A48: 47 | B48: US | C48: Technique for performing multi-link communication in wireless communication system | D48: =COUNTIF(Sheet2!I:I, 표1_3[[#This Row],[등록번호]]) -> 1 | E48: B2 | F48: 11882512 | G48: 2024.01.23 | H48: LG ELECTRONICS INC. | M48: According to various embodiments, a multi-link device (MLD) operating in a plurality of links can receive a PPDU through a first link from among the plurality of links. The PPU can include a first information field related to a second link that is differentiated from the first link. The first information field related to a second link can include a second information field related to a link identifier of a second link and a third information field related to whether all pieces of element information related to a second link is included in the PPDU. | N48: BRYAN CAVE LEIGHTON PAISNER LLP | O48: Namyeong Kim|Jeongki Kim|Jinsoo Choi|Sungjin Park|Taewon Song|Insun Jang | P48: =COUNTA(_xlfn.TEXTSPLIT(표1_3[[#This Row],[발명자]], "|")) -> 6 | Q48: =1/표1_3[[#This Row],[발명자수]] -> 0.16666667 | R48: =300*표1_3[[#This Row],[반영비율]] -> 50
A49: 48 | B49: US | C49: Channel access in multi-link | D49: =COUNTIF(Sheet2!I:I, 표1_3[[#This Row],[등록번호]]) -> 1 | E49: B2 | F49: 11871447 | G49: 2024.01.09 | H49: LG ELECTRONICS INC. | M49: A method for a non-simultaneous transmit and receive (non-STR) device in a wireless local area network (LAN) is provided. The non-STR device may support a multi-link communication related to a first link and a second link. The non-STR device may determine whether to transmit a first physical protocol data unit (PPDU), PPDU, based on a channel access result on the first link and a channel access result on the second link. The non-STR device determines not to transmit the first PPDU through the first link and keeps the back-off counter of the first link at zero (0) when a back-off counter of the first link reaches zero (0) and a back-off counter of the second link does not reach zero (0). | N49: LEE, HONG, DEGERMAN, KANG & WAIMEY | O49: Insun Jang|Jeongki Kim|Jinsoo Choi|Suhwook Kim|Namyeong Kim|Sungjin Park|Taewon Song | P49: =COUNTA(_xlfn.TEXTSPLIT(표1_3[[#This Row],[발명자]], "|")) -> 7 | Q49: =1/표1_3[[#This Row],[발명자수]] -> 0.14285714 | R49: =300*표1_3[[#This Row],[반영비율]] -> 42.857143
A50: 49 | B50: US | C50: Technique for controlling plurality of wireless communication links | D50: =COUNTIF(Sheet2!I:I, 표1_3[[#This Row],[등록번호]]) -> 1 | E50: B2 | F50: 11838951 | G50: 2023.12.05 | H50: LG ELECTRONICS INC. | I50: PCT/KR2019/011981 | J50: 20190917 | K50: WO2020060145 | L50: 2020.03.26 | M50: One embodiment according to the present specification relates to a method for transmitting, from a first link, information for setting a NAV in a second link. When transmission STA performs communication through a second link, the transmission STA can transmit, through a first link, information for setting the NAV for the second link in another STA. Particularly, the transmission STA can receive, from the second reception STA, a second frame through the second link. The transmission STA can transmit, to a first reception STA, a first frame through the first link during the reception of the second frame. The first frame can include information for setting the NAV for the second link. The first reception STA can set the NAV for the second link on the basis of the first frame. | N50: LEE, HONG, DEGERMAN, KANG & WAIMEY PC | O50: Insun Jang|Suhwook Kim|Jeongki Kim|Kiseon Ryu|Taewon Song|Jinsoo Choi | P50: =COUNTA(_xlfn.TEXTSPLIT(표1_3[[#This Row],[발명자]], "|")) -> 6 | Q50: =1/표1_3[[#This Row],[발명자수]] -> 0.16666667 | R50: =300*표1_3[[#This Row],[반영비율]] -> 50
A51: 50 | B51: US | C51: Method and device for transmitting signal through multi-link in wireless LAN system | D51: =COUNTIF(Sheet2!I:I, 표1_3[[#This Row],[등록번호]]) -> 1 | E51: B2 | F51: 11723094 | G51: 2023.08.08 | H51: LG ELECTRONICS INC. | I51: PCT/KR2019/009991 | J51: 20190808 | K51: WO2020032633 | L51: 2020.02.13 | M51: A method for operation in a wireless local area network (WLAN) system according to various embodiments may comprise the steps of: determining, by a transmitting device, whether a second link is in an idle state for a first time interval, after receiving an ACK through a first link within a TXOP configured for the first link; aggregating, by the transmitting device, the first link and the second link on the basis of the determination; and transmitting, by the transmitting device, a packet through the aggregated first link and second link. | N51: Lee Hong Degerman Kang Waimey | O51: Insun Jang|Suhwook Kim|Jeongki Kim|Kiseon Ryu|Sungjin Park|Taewon Song|Jinsoo Choi | P51: =COUNTA(_xlfn.TEXTSPLIT(표1_3[[#This Row],[발명자]], "|")) -> 7 | Q51: =1/표1_3[[#This Row],[발명자수]] -> 0.14285714 | R51: =300*표1_3[[#This Row],[반영비율]] -> 42.857143
A52: 52 | B52: US | C52: Method and apparatus for transmitting PPDU on basis of S-TDMA in wireless LAN system | D52: =COUNTIF(Sheet2!I:I, 표1_3[[#This Row],[등록번호]]) -> 1 | E52: B2 | F52: 11641237 | G52: 2023.05.02 | H52: LG ELECTRONICS INC. | I52: PCT/KR2019/003475 | J52: 20190326 | K52: WO2019190150 | L52: 2019.10.03 | M52: A method and apparatus for transmitting a PPDU on the basis of S-TDMA in a wireless LAN system are presented. In particular, an AP generates a PPDU, and transmits the PPDU to a first STA and a second STA. When a PPDU further comprises a third signal field, the third signal field comprises information about S-TDMA. The information about S-TDMA comprises STDMA indication information indicating that S-TDMA can be carried out, first symbol offset information about a first data field, and second symbol offset information about a second data field. The S-TDMA indication information comprises information indicating that the first and second data fields are assigned to a first RU. The first data field is transmitted from the first RU during a first symbol determined on the basis of the first symbol offset information. The second data field is transmitted from the first RU during a second symbol determined on the basis of the second symbol offset information. | N52: Lee Hong Degerman Kang Waimey | O52: Insun Jang|Suhwook Kim|Jeongki Kim|Kiseon Ryu|Taewon Song|Jinsoo Choi | P52: =COUNTA(_xlfn.TEXTSPLIT(표1_3[[#This Row],[발명자]], "|")) -> 6 | Q52: =1/표1_3[[#This Row],[발명자수]] -> 0.16666667 | R52: =300*표1_3[[#This Row],[반영비율]] -> 50
A53: 51 | B53: US | C53: Techniques for performing multi-link communication in wireless local area network system | D53: =COUNTIF(Sheet2!I:I, 표1_3[[#This Row],[등록번호]]) -> 1 | E53: B2 | F53: 11641685 | G53: 2023.05.02 | H53: LG ELECTRONICS INC. | M53: According to various embodiments, a multi-link device (MLD) operating in a first link and a second link may transmit information on data buffered in the MLD through a first station (STA) operating in an awake state. The information on the data buffered in the MLD may include a first information field related to the first STA and a second information field related to a second STA. | N53: Lee Hong Degerman Kang Waimey | O53: Namyeong Kim|Jeongki Kim|Jinsoo Choi|Suhwook Kim|Sungjin Park|Taewon Song|Insun Jang|Sunhee Baek | P53: =COUNTA(_xlfn.TEXTSPLIT(표1_3[[#This Row],[발명자]], "|")) -> 8 | Q53: =1/표1_3[[#This Row],[발명자수]] -> 0.125 | R53: =300*표1_3[[#This Row],[반영비율]] -> 37.5
A54: 53 | B54: US | C54: Method and device for transmitting data in wireless LAN system | D54: =COUNTIF(Sheet2!I:I, 표1_3[[#This Row],[등록번호]]) -> 1 | E54: B2 | F54: 11601973 | G54: 2023.03.07 | H54: LG ELECTRONICS INC. | I54: PCT/KR2019/007347 | J54: 20190618 | K54: WO2019245267 | L54: 2019.12.26 | M54: A method and device for transmitting data in a wireless LAN system are provided. Particularly, a transmission device receives configuration information relating to a multi-band. The transmission device performs channel sensing with respect to the multi-band. The transmission device transmits data to a reception device via the multi-band on the basis of the result of the channel sensing. A first band and a second band are combined in the multi-band. The first band comprises a first primary channel, and the second band comprises a second primary channel. The result of the channel sensing is obtained on the basis of whether or not the first primary channel is idle until a first BC value becomes 0 and whether or not the second primary channel is idle until a second BC value becomes 0. The first BC value is selected within a first CW configured with respect to the first primary channel. The second BC value is selected within a second CW configured with respect to the second primary channel. | N54: Lee Hong Degerman Kang Waimey | O54: Insun Jang|Suhwook Kim|Jeongki Kim|Kiseon Ryu|Taewon Song|Jinsoo Choi | P54: =COUNTA(_xlfn.TEXTSPLIT(표1_3[[#This Row],[발명자]], "|")) -> 6 | Q54: =1/표1_3[[#This Row],[발명자수]] -> 0.16666667 | R54: =300*표1_3[[#This Row],[반영비율]] -> 50
A55: 54 | B55: US | C55: Method for communication in wireless LAN system and wireless terminal using same | D55: =COUNTIF(Sheet2!I:I, 표1_3[[#This Row],[등록번호]]) -> 1 | E55: B2 | F55: 11582692 | G55: 2023.02.14 | H55: LG ELECTRONICS INC. | I55: PCT/KR2019/004816 | J55: 20190422 | K55: WO2019208988 | L55: 2019.10.31 | M55: The present specification proposes a technical feature related to a wake-up radio (WUR) STA. Specifically, proposed is an operation of updating a parameter related to an operation of a WUR mode. For example, the WUR STA may update a parameter related to the WUR mode by receiving an unsolicited frame from an AP while maintaining the WUR mode. The received frame may have a preset action type. | N55: Lee Hong Degerman Kang Waimey | O55: Suhwook Kim|Jeongki Kim|Kiseon Ryu|Taewon Song|Jinsoo Choi | P55: =COUNTA(_xlfn.TEXTSPLIT(표1_3[[#This Row],[발명자]], "|")) -> 5 | Q55: =1/표1_3[[#This Row],[발명자수]] -> 0.2 | R55: =300*표1_3[[#This Row],[반영비율]] -> 60
A56: 55 | B56: US | C56: Method and apparatus for transmitting PPDU in WLAN system | D56: =COUNTIF(Sheet2!I:I, 표1_3[[#This Row],[등록번호]]) -> 1 | E56: B2 | F56: 11497058 | G56: 2022.11.08 | H56: LG ELECTRONICS INC. | I56: PCT/KR2019/009080 | J56: 20190723 | K56: WO2020032430 | L56: 2020.02.13 | M56: A method and an apparatus for transmitting a PPDU in a WLAN system are proposed. Particularly, a transmission device receives configuration information relating to a multi-band. The transmission device performs channel sensing with respect to the multi-band. The transmission device transmits PPDUs to a reception device via the multi-band on the basis of the result of the channel sensing. In the multi-hand, a first band and a second band are combined. The first band includes a first primary channel. The second band includes a second primary channel. The channel sensing is performed on the basis of a first CW value which is set in common for the first and second bands. If transmission of some PPDUs allocated to the second band of the PPDUs fails, the first CW value is increased. | N56: Lee, Hong, Degerman, Kang & Waimey PC | O56: Insun Jang|Suhwook Kim|Jeongki Kim|Kiseon Ryu|Sungjin Park|Taewon Song|Jinsoo Choi | P56: =COUNTA(_xlfn.TEXTSPLIT(표1_3[[#This Row],[발명자]], "|")) -> 7 | Q56: =1/표1_3[[#This Row],[발명자수]] -> 0.14285714 | R56: =300*표1_3[[#This Row],[반영비율]] -> 42.857143
A57: 56 | B57: US | C57: Method and device for transmitting data in wireless LAN system | D57: =COUNTIF(Sheet2!I:I, 표1_3[[#This Row],[등록번호]]) -> 1 | E57: B2 | F57: 11490261 | G57: 2022.11.01 | H57: LG ELECTRONICS INC. | I57: PCT/KR2019/008480 | J57: 20190710 | K57: WO2020013594 | L57: 2020.01.16 | M57: Proposed is a method and device for receiving data in a wireless LAN system. Specifically, an AP transmits a trigger frame to a first to a third station (STA) through a multi-band. The AP receives data from the first to third STAs on the basis of the trigger frame. In the multi-band, a first band to a third band are combined. The trigger frame includes a common information field and a first to a third user information field. When the first and second STAs are associated with the first band, the first user information field includes user information relating to the first and second STAs. When the second and third STAs are associated with the second band, the second user information field includes user information relating to the second and third STAs. When the third STA is associated with the third band, the third user information field includes user information relating to the third STA. | N57: Lee, Hong, Degerman, Kang & Waimey PC | O57: Insun Jang|Suhwook Kim|Jeongki Kim|Kiseon Ryu|Eunsung Park|Taewon Song|Jinsoo Choi | P57: =COUNTA(_xlfn.TEXTSPLIT(표1_3[[#This Row],[발명자]], "|")) -> 7 | Q57: =1/표1_3[[#This Row],[발명자수]] -> 0.14285714 | R57: =300*표1_3[[#This Row],[반영비율]] -> 42.857143
R58: =SUM(표1_3[점수]) -> 2676.0714

Sheet Sheet2
A1: 순번 | B1: 국가 | C1: 발명의 명칭 | D1: 분류 | E1: 출원번호 | F1: 출원일자 | G1: 공개번호 | H1: 공개일자 | I1: 등록번호 | J1: 등록일자 | K1: 공보일자 | L1: 국제출원번호 | M1: 국제출원일자 | N1: 국제공개번호 | O1: 국제공개일자 | P1: 출원인 | Q1: 발명자 | R1: 열4 | S1: 요약 | T1: 열3 | U1: 열1 | V1: 열2
A2: 1 | B2: US | C2: Ack transmission using multilink | D2: B2 | E2: 17757045 | F2: 2020.08.14 | G2: 20220385403 | H2: 2022.12.01 | I2: 12250076 | J2: 2025.03.11 | K2: 12250076 | L2: PCT/KR2020/010891 | M2: 20200814 | N2: WO2021125491 | O2: 2021.06.24 | P2: LG ELECTRONICS INC. | Q2: Taewon Song|Jeongki Kim|Jinsoo Choi|Suhwook Kim|Namyeong Kim|Sungjin Park|Insun Jang | R2: 무선 LAN 시스템에서 수신 장치가 ACK 요청 링크 정보가 포함된 BAR 프레임을 수신하고 이를 기반으로 BA 프레임을 전송하는 기술. 수신 장치는 복수의 링크(2.4GHz, 5GHz, 6GHz 대역)를 통한 통신을 지원하는 다중 링크 장치(MLD)임. | S2: In a wireless local area network system, a receiving device may receive a Block Acknowledgment Request (BAR) frame including information related to a link for which an ACK is requested, and transmit a Block ACK (BA) frame on the basis of the BAR frame. The receiving device is a Multi-Link Device (MLD), which supports communication over multiple links. Each link of the multiple links can be configured based on 2.4 GHz band, 5 GHz band, and/or 6 GHz band defined in a conventional wireless local area network system. | T2: =COUNTA(_xlfn.TEXTSPLIT(Q2, "|")) -> 7 | U2: =_xlfn.LET( _xlpm.authors, _xlfn.TEXTSPLIT(Q2, "|"), _xlpm.countAuthors, COUNTA(_xlpm.authors), _xlpm.ratio, 1 / _xlpm.countAuthors, _xlpm.ratio ) -> 0.14285714 | V2: =300*표1[[#This Row],[열1]] -> 42.857143
A3: 2 | B3: US | C3: Multi-link channel access | D3: B2 | E3: 18216921 | F3: 2023.06.30 | G3: 20230345523 | H3: 2023.10.26 | I3: 12238761 | J3: 2025.02.25 | K3: 12238761 | P3: LG ELECTRONICS INC. | Q3: Insun Jang|Jeongki Kim|Jinsoo Choi|Suhwook Kim|Namyeong Kim|Sungjin Park|Taewon Song | R3: 무선 LAN 시스템에서 다중 링크 장치(MLD)가 비주요 링크의 백오프 카운터가 0에 도달해도 주요 링크의 백오프 카운터가 0에 도달하지 않은 경우 첫 번째 링크에서 PPDU 전송을 지연시키는 기술. 전송이 지연될 때 백오프 카운터는 0으로 유지됨. | S3: In a wireless local area network (WLAN) system, a transmitting multi-link device (MLD) may defer the transmission of a PPDU on a first link, even if a back-off counter of a non-primary link reaches zero, as long as a back-off counter of a primary link does not reach zero. When the transmission of the PPDU is deferred, the back-off counter may be kept at zero. | T3: =COUNTA(_xlfn.TEXTSPLIT(Q3, "|")) -> 7 | U3: =_xlfn.LET( _xlpm.authors, _xlfn.TEXTSPLIT(Q3, "|"), _xlpm.countAuthors, COUNTA(_xlpm.authors), _xlpm.ratio, 1 / _xlpm.countAuthors, _xlpm.ratio ) -> 0.14285714 | V3: =300*표1[[#This Row],[열1]] -> 42.857143
A4: 3 | B4: US | C4: Method for performing multi-link communication in wireless communication system | D4: B2 | E4: 18585787 | F4: 2024.02.23 | G4: 20240205998 | H4: 2024.06.20 | I4: 12219638 | J4: 2025.02.04 | K4: 12219638 | P4: LG ELECTRONICS INC. | Q4: Namyeong Kim|Jeongki Kim|Jinsoo Choi|Sungjin Park|Taewon Song|Insun Jang | R4: 다중 링크 장치(MLD)가 첫 번째 AP를 통해 요청 프레임을 전송하여 두 번째 링크에 대해 지정된 요소 세트에 포함된 모든 요소를 요청하고, 이에 기반하여 해당 요소들을 수신하는 기술. | S4: According to various embodiments, a multi-link device (MLD) operating in a plurality of links including a first link can transmit a request frame to a first AP of an AP MILD through a first STA (station), wherein the request frame includes an information field for requesting every element included in an element set designated for a second link. The MILD can, on the basis of the request frame, receive every element included in the element set designated for the second link. | T4: =COUNTA(_xlfn.TEXTSPLIT(Q4, "|")) -> 6 | U4: =_xlfn.LET( _xlpm.authors, _xlfn.TEXTSPLIT(Q4, "|"), _xlpm.countAuthors, COUNTA(_xlpm.authors), _xlpm.ratio, 1 / _xlpm.countAuthors, _xlpm.ratio ) -> 0.16666667 | V4: =300*표1[[#This Row],[열1]] -> 50
A5: 4 | B5: US | C5: Method for changing channel in multi-links | D5: B2 | E5: 17642624 | F5: 2020.09.03 | G5: 20220346176 | H5: 2022.10.27 | I5: 12219644 | J5: 2025.02.04 | K5: 12219644 | L5: PCT/KR2020/011838 | M5: 20200903 | N5: WO2021049817 | O5: 2021.03.18 | P5: LG ELECTRONICS INC. | Q5: Insun Jang|Jeongki Kim|Jinsoo Choi|Suhwook Kim|Sungjin Park|Taewon Song | R5: 무선 LAN 시스템에서 전송 장치가 다중 링크 채널 전환 기능 정보를 수신 장치에 전송하고, 첫 번째 링크를 통해 PPDU 및 채널 변경 신호를 전송한 후 두 번째 링크를 통해 PPDU를 전송하는 기술. | S5: Presented are a method by which a transmitting device performs channel switching between multi-links in a wireless local area network (LAN) system, and a device. Particularly, the method comprises the steps of: transmitting multi-link channel switching capability information to a receiving device, wherein the multi-link channel switching capability information includes information related to whether the transmitting device can perform channel changing between multi-link channels; transmitting a physical protocol data unit (PPDU) to the receiving device through a first link; transmitting a multi-link channel change signal to the receiving device through the first link; and transmitting the PPDU to the receiving device through a second link. | T5: =COUNTA(_xlfn.TEXTSPLIT(Q5, "|")) -> 6 | U5: =_xlfn.LET( _xlpm.authors, _xlfn.TEXTSPLIT(Q5, "|"), _xlpm.countAuthors, COUNTA(_xlpm.authors), _xlpm.ratio, 1 / _xlpm.countAuthors, _xlpm.ratio ) -> 0.16666667 | V5: =300*표1[[#This Row],[열1]] -> 50
A6: 5 | B6: US | C6: Transmission of capability information about link | D6: B2 | E6: 17798820 | F6: 2020.12.22 | G6: 20230164634 | H6: 2023.05.25 | I6: 12200544 | J6: 2025.01.14 | K6: 12200544 | L6: PCT/KR2020/018878 | M6: 20201222 | N6: WO2021162234 | O6: 2021.08.19 | P6: LG ELECTRONICS INC. | Q6: Insun Jang|Jeongki Kim|Jinsoo Choi|Namyeong Kim|Suhwook Kim|Sungjin Park|Taewon Song | R6: 무선 LAN 시스템에서 비AP 스테이션 MLD가 첫 번째 링크를 통해 최대 공간 스트림(NSS) 정보가 포함된 협상 프레임을 AP MLD에 전송하고, 협상 응답 프레임을 수신하는 기술. | S6: The present disclosure relates to a method performed by a non-access point (AP) station (STA) multi-link device (MLD) of a wireless LAN system, the method comprising the steps of: transmitting, through a first link, a negotiation frame including first maximum number of spatial stream (NSS) information to an AP MLD; and receiving a negotiation response frame from the AP MLD through the first link. | T6: =COUNTA(_xlfn.TEXTSPLIT(Q6, "|")) -> 7 | U6: =_xlfn.LET( _xlpm.authors, _xlfn.TEXTSPLIT(Q6, "|"), _xlpm.countAuthors, COUNTA(_xlpm.authors), _xlpm.ratio, 1 / _xlpm.countAuthors, _xlpm.ratio ) -> 0.14285714 | V6: =300*표1[[#This Row],[열1]] -> 42.857143
A7: 6 | B7: US | C7: Technique for performing multi-link communication in wireless communication system | D7: B2 | E7: 17910692 | F7: 2021.03.16 | G7: 20230164661 | H7: 2023.05.25 | I7: 12192875 | J7: 2025.01.07 | K7: 12192875 | L7: PCT/KR2021/003221 | M7: 20210316 | N7: WO2021187858 | O7: 2021.09.23 | P7: LG ELECTRONICS INC. | Q7: Namyeong Kim|Jeongki Kim|Jinsoo Choi|Sungjin Park|Taewon Song|Insun Jang | R7: 다중 링크 장치(MLD)가 첫 번째 링크를 통해 PPDU를 수신하는데, 이 PPDU에는 두 번째 링크와 관련된 정보 필드가 포함됨. 이 정보 필드는 두 번째 링크의 식별자와 관련된 정보와 두 번째 링크에 관련된 모든 요소 정보가 PPDU에 포함되어 있는지 여부에 대한 정보를 포함함. | S7: According to various embodiments, a multi-link device (MLD) operating in a plurality of links can receive a PPDU through a first link from among the plurality of links. The PPU can include a first information field related to a second link that is differentiated from the first link. The first information field related to a second link can include a second information field related to a link identifier of a second link and a third information field related to whether all pieces of element information related to a second link is included in the PPDU. | T7: =COUNTA(_xlfn.TEXTSPLIT(Q7, "|")) -> 6 | U7: =_xlfn.LET( _xlpm.authors, _xlfn.TEXTSPLIT(Q7, "|"), _xlpm.countAuthors, COUNTA(_xlpm.authors), _xlpm.ratio, 1 / _xlpm.countAuthors, _xlpm.ratio ) -> 0.16666667 | V7: =300*표1[[#This Row],[열1]] -> 50
A8: 7 | B8: US | C8: NACK frame for HARQ operation | D8: B2 | E8: 17606714 | F8: 2020.04.16 | G8: 20220231797 | H8: 2022.07.21 | I8: 12184426 | J8: 2024.12.31 | K8: 12184426 | L8: PCT/KR2020/005100 | M8: 20200416 | N8: WO2020222446 | O8: 2020.11.05 | P8: LG ELECTRONICS INC. | Q8: Taewon Song|Kiseon Ryu|Jeongki Kim|Jinsoo Choi|Suhwook Kim|Insun Jang | R8: 무선 LAN 시스템에서 전송 장치가 첫 번째 중복 버전의 전송 데이터가 포함된 PPDU를 수신 장치에 전송하고, ACK 또는 NACK 프레임이 임계 시간 내에 수신되는지 여부에 따라 재전송할 두 번째 중복 버전을 결정하는 기술. | S8: In a wireless local area network (LAN) system, a transmission station (STA) may transmit, to a receiving STA, a PHY protocol data unit (PPDU) including a first redundancy version of transmission data. On the basis of whether an acknowledgement (ACK) or negative ACK (NACK) frame is received within a threshold time, the transmission STA may determine a second redundancy version of the transmission data to be retransmitted. | T8: =COUNTA(_xlfn.TEXTSPLIT(Q8, "|")) -> 6 | U8: =_xlfn.LET( _xlpm.authors, _xlfn.TEXTSPLIT(Q8, "|"), _xlpm.countAuthors, COUNTA(_xlpm.authors), _xlpm.ratio, 1 / _xlpm.countAuthors, _xlpm.ratio ) -> 0.16666667 | V8: =300*표1[[#This Row],[열1]] -> 50
A9: 8 | B9: US | C9: Mapping of TID and link in multi-link | D9: B2 | E9: 17597170 | F9: 2020.06.22 | G9: 20220312522 | H9: 2022.09.29 | I9: 12177914 | J9: 2024.12.24 | K9: 12177914 | L9: PCT/KR2020/008060 | M9: 20200622 | N9: WO2021002617 | O9: 2021.01.07 | P9: LG ELECTRONICS INC. | Q9: Insun Jang|Jeongki Kim|Jinsoo Choi|Suhwook Kim|Sungjin Park|Taewon Song | R9: 무선 LAN 시스템에서 스테이션(STA)이 첫 번째 TID가 첫 번째 링크에 매핑되고 두 번째 TID가 두 번째 링크에 매핑됨을 나타내는 정보가 포함된 PPDU를 전송하여, 각 TID에 해당하는 트래픽을 지정된 링크를 통해서만 전송하는 기술. | S9: In a wireless local area network (LAN) system, a station (STA) may transmit a first physical protocol data unit (PPDU) including information indicating that a first traffic identifier (TID) is mapped to a first link and a second TID is mapped to a second link. The STA may transmit traffic pertaining to the first TID through only the first link, and traffic pertaining to the second TID through only the second link. | T9: =COUNTA(_xlfn.TEXTSPLIT(Q9, "|")) -> 6 | U9: =_xlfn.LET( _xlpm.authors, _xlfn.TEXTSPLIT(Q9, "|"), _xlpm.countAuthors, COUNTA(_xlpm.authors), _xlpm.ratio, 1 / _xlpm.countAuthors, _xlpm.ratio ) -> 0.16666667 | V9: =300*표1[[#This Row],[열1]] -> 50
A10: 9 | B10: US | C10: MPDU padding for HARQ operation | D10: B2 | E10: 17600993 | F10: 2020.04.06 | G10: 20220167319 | H10: 2022.05.26 | I10: 12150098 | J10: 2024.11.19 | K10: 12150098 | L10: PCT/KR2020/004629 | M10: 20200406 | N10: WO2020209558 | O10: 2020.10.15 | P10: LG ELECTRONICS INC. | Q10: Taewon Song|Kiseon Ryu|Jeongki Kim|Jinsoo Choi|Suhwook Kim|Jinmin Kim|Insun Jang | R10: 무선 LAN 시스템에서 스테이션(STA)이 서브프레임 길이 정보와 함께 하나 이상의 서브프레임을 포함하는 PPDU를 생성하는 기술. 서브프레임은 MPDU와 패딩 비트를 포함하며, 패딩 비트 길이는 서브프레임 길이가 코드워드 길이의 정수배가 되도록 결정됨. | S10: In a wireless local area network system, a station (STA) generates a physical (PHY) protocol data unit (PPDU) including at least one subframe and information related to a subframe length, wherein the subframe may include a medium access control (MAC) protocol data unit (MPDU) and a padding bit. The length of the padding bit may be determined such that the length of the subframes is an integer multiple of a codeword length. The information related to the subframe length may be information on the number of codewords related to the subframe length. A step in which the STA transmits the PPDU may be comprised. | T10: =COUNTA(_xlfn.TEXTSPLIT(Q10, "|")) -> 7 | U10: =_xlfn.LET( _xlpm.authors, _xlfn.TEXTSPLIT(Q10, "|"), _xlpm.countAuthors, COUNTA(_xlpm.authors), _xlpm.ratio, 1 / _xlpm.countAuthors, _xlpm.ratio ) -> 0.14285714 | V10: =300*표1[[#This Row],[열1]] -> 42.857143
A11: 10 | B11: US | C11: Method for performing multi-link communication in wireless communication system | D11: B2 | E11: 17908801 | F11: 2021.03.05 | G11: 20230345349 | H11: 2023.10.26 | I11: 12133162 | J11: 2024.10.29 | K11: 12133162 | L11: PCT/KR2021/002737 | M11: 20210305 | N11: WO2021177774 | O11: 2021.09.10 | P11: LG ELECTRONICS INC. | Q11: Namyeong Kim|Jeongki Kim|Jinsoo Choi|Sungjin Park|Taewon Song|Insun Jang | R11: 다중 링크 장치(MLD)가 첫 번째 스테이션(STA)을 통해 AP 다중 링크 장치의 첫 번째 AP에 두 번째 링크와 관련된 요소를 요청하는 정보 필드가 포함된 요청 프레임을 전송하고, 이 요청에 기반하여 두 번째 링크와 관련된 요소를 수신하는 기술. | S11: According to various embodiments, a multi-link device (MLD) operating in multiple links including a first link may transmit, through a first station (STA) and to a first AP of an AP multi-link device, a request frame including an information field for requesting at least one element related to a second link. The multi-link device may receive at least one element related to the second link on the basis of the request frame. | T11: =COUNTA(_xlfn.TEXTSPLIT(Q11, "|")) -> 6 | U11: =_xlfn.LET( _xlpm.authors, _xlfn.TEXTSPLIT(Q11, "|"), _xlpm.countAuthors, COUNTA(_xlpm.authors), _xlpm.ratio, 1 / _xlpm.countAuthors, _xlpm.ratio ) -> 0.16666667 | V11: =300*표1[[#This Row],[열1]] -> 50
A12: 11 | B12: US | C12: Mapping of TID and link in multi-link | D12: B2 | E12: 18210913 | F12: 2023.06.16 | G12: 20230337306 | H12: 2023.10.19 | I12: 12120763 | J12: 2024.10.15 | K12: 12120763 | P12: LG ELECTRONICS INC. | Q12: Insun Jang|Jeongki Kim|Jinsoo Choi|Suhwook Kim|Sungjin Park|Taewon Song | R12: 무선 LAN 시스템에서 스테이션(STA)이 첫 번째 TID가 첫 번째 링크에 매핑되고 두 번째 TID가 두 번째 링크에 매핑됨을 나타내는 정보가 포함된 PPDU를 전송하여, 각 TID에 해당하는 트래픽을 지정된 링크를 통해서만 전송하는 기술. | S12: In a wireless local area network (LAN) system, a station (STA) may transmit a first physical protocol data unit (PPDU) including information indicating that a first traffic identifier (TID) is mapped to a first link and a second TID is mapped to a second link. The STA may transmit traffic pertaining to the first TID through only the first link, and traffic pertaining to the second TID through only the second link. | T12: =COUNTA(_xlfn.TEXTSPLIT(Q12, "|")) -> 6 | U12: =_xlfn.LET( _xlpm.authors, _xlfn.TEXTSPLIT(Q12, "|"), _xlpm.countAuthors, COUNTA(_xlpm.authors), _xlpm.ratio, 1 / _xlpm.countAuthors, _xlpm.ratio ) -> 0.16666667 | V12: =300*표1[[#This Row],[열1]] -> 50
A13: 12 | B13: US | C13: Method for performing multi-link communication in wireless communication system | D13: B2 | E13: 18218898 | F13: 2023.07.06 | G13: 20230354452 | H13: 2023.11.02 | I13: 12089140 | J13: 2024.09.10 | K13: 12089140 | P13: LG ELECTRONICS INC. | Q13: Namyeong Kim|Jeongki Kim|Jinsoo Choi|Sungjin Park|Taewon Song|Insun Jang | R13: 다중 링크 장치(MLD)가 첫 번째 스테이션(STA)을 통해 AP 다중 링크 장치의 첫 번째 AP에 두 번째 링크와 관련된 요소를 요청하는 정보 필드가 포함된 요청 프레임을 전송하고, 이 요청에 기반하여 두 번째 링크와 관련된 요소를 수신하는 기술. | S13: According to various embodiments, a multi-link device (MLD) operating in multiple links including a first link may transmit, through a first station (STA) and to a first AP of an AP multi-link device, a request frame including an information field for requesting at least one element related to a second link. The multi-link device may receive at least one element related to the second link on the basis of the request frame. | T13: =COUNTA(_xlfn.TEXTSPLIT(Q13, "|")) -> 6 | U13: =_xlfn.LET( _xlpm.authors, _xlfn.TEXTSPLIT(Q13, "|"), _xlpm.countAuthors, COUNTA(_xlpm.authors), _xlpm.ratio, 1 / _xlpm.countAuthors, _xlpm.ratio ) -> 0.16666667 | V13: =300*표1[[#This Row],[열1]] -> 50
A14: 13 | B14: US | C14: Multi-link RTS and CTS transmissions | D14: B2 | E14: 18597164 | F14: 2024.03.06 | G14: 20240215070 | H14: 2024.06.27 | I14: 12089255 | J14: 2024.09.10 | K14: 12089255 | P14: LG ELECTRONICS INC. | Q14: Insun Jang|Jeongki Kim|Jinsoo Choi|Namyeong Kim|Suhwook Kim|Sungjin Park|Taewon Song | R14: 무선 LAN 시스템에서 수신 다중 링크 장치(MLD)가 두 번째 링크를 통해 RTS 프레임을 수신해도, 첫 번째 링크를 통해 작동하는 STA가 TXOP 응답자인 경우 CTS 프레임을 전송하지 않는 기술. 다중 링크 장치는 최소한 하나의 NSTR(비동시 송수신) 링크 쌍을 포함함. | S14: In a wireless local area network system, a reception multi-link device (MLD) may not transmit a CTS frame, even if the reception multi-link device receives an RTS frame via a second link, in the case that an STA operating via a first link is a TXOP responder. In detail, the reception MLD may include at least one non-simultaneous transmit and receive (NSTR) link pair. A first STA affiliated with the MLD may determine to respond with the CTS frame to the RTS frame. The first STA does not respond with the CTS frame based on another STA being a transmission opportunity (TXOP) responder on another link. | T14: =COUNTA(_xlfn.TEXTSPLIT(Q14, "|")) -> 7 | U14: =_xlfn.LET( _xlpm.authors, _xlfn.TEXTSPLIT(Q14, "|"), _xlpm.countAuthors, COUNTA(_xlpm.authors), _xlpm.ratio, 1 / _xlpm.countAuthors, _xlpm.ratio ) -> 0.14285714 | V14: =300*표1[[#This Row],[열1]] -> 42.857143
A15: 14 | B15: US | C15: Channel access in multi-link | D15: B2 | E15: 17773767 | F15: 2020.10.28 | G15: 20220394759 | H15: 2022.12.08 | I15: 12082242 | J15: 2024.09.03 | K15: 12082242 | L15: PCT/KR2020/014771 | M15: 20201028 | N15: WO2021085994 | O15: 2021.05.06 | P15: LG ELECTRONICS INC. | Q15: Insun Jang|Jeongki Kim|Jinsoo Choi|Suhwook Kim|Namyeong Kim|Sungjin Park|Taewon Song | R15: 무선 LAN 시스템에서 비동시 송수신(non-STR) 장치가 첫 번째 링크와 두 번째 링크에 관련된 다중 링크 통신을 지원함. 첫 번째 링크의 백오프 카운터가 0에 도달했으나 두 번째 링크의 백오프 카운터가 0에 도달하지 않았을 때, 첫 번째 링크를 통한 PPDU 전송을 하지 않고 백오프 카운터를 0으로 유지하는 기술. | S15: A method for a non-simultaneous transmit and receive (non-STR) device in a wireless local area network (LAN) is provided. The non-STR device may support a multi-link communication related to a first link and a second link. The non-STR device may determine whether to transmit a first physical protocol data unit (PPDU), PPDU, based on a channel access result on the first link and a channel access result on the second link. The non-STR device determines not to transmit the first PPDU through the first link and keeps the back-off counter of the first link at zero (0) when a back-off counter of the first link reaches zero (0) and a back-off counter of the second link does not reach zero (0). | T15: =COUNTA(_xlfn.TEXTSPLIT(Q15, "|")) -> 7 | U15: =_xlfn.LET( _xlpm.authors, _xlfn.TEXTSPLIT(Q15, "|"), _xlpm.countAuthors, COUNTA(_xlpm.authors), _xlpm.ratio, 1 / _xlpm.countAuthors, _xlpm.ratio ) -> 0.14285714 | V15: =300*표1[[#This Row],[열1]] -> 42.857143
A16: 15 | B16: US | C16: Method and device for acquiring information on links between MLDS in wireless LAN system | D16: B2 | E16: 18584228 | F16: 2024.02.22 | G16: 20240196460 | H16: 2024.06.13 | I16: 12082281 | J16: 2024.09.03 | K16: 12082281 | P16: LG ELECTRONICS INC. | Q16: Namyeong Kim|Jeongki Kim|Jinsoo Choi|Taewon Song|Insun Jang | R16: 무선 LAN 시스템에서 수신 MLD가 첫 번째 링크를 통해 전송 MLD에 프로브 요청 프레임을 전송하고 프로브 응답 프레임을 수신하는 기술. 전송 MLD는 세 개의 링크에서 작동하는 스테이션들을 포함하며, 프로브 요청 프레임은 두 번째 및 세 번째 링크에 대한 식별자를 포함함. | S16: Proposed are a method and device for acquiring information on links between MLDs in a wireless LAN system. Specifically, a receiving MLD transmits a probe request frame to a transmitting MLD through a first link. The receiving MLD receives a probe response frame from the transmitting MLD through the first link. The transmitting MLD comprises: a first transmitting STA operating in the first link; a second transmitting STA operating in a second link; and a third transmitting STA operating in a third link. The receiving MLD comprises a first receiving STA operating in the first link. When the first receiving STA requests for information on the second and third links, the probe request frame includes link identifiers for the second and third links. When the first receiving STA requests for information on all the links, the probe request frame does not include link identifiers for all the links. | T16: =COUNTA(_xlfn.TEXTSPLIT(Q16, "|")) -> 5 | U16: =_xlfn.LET( _xlpm.authors, _xlfn.TEXTSPLIT(Q16, "|"), _xlpm.countAuthors, COUNTA(_xlpm.authors), _xlpm.ratio, 1 / _xlpm.countAuthors, _xlpm.ratio ) -> 0.2 | V16: =300*표1[[#This Row],[열1]] -> 60
A17: 16 | B17: US | C17: Signaling for multi-link transmission | D17: B2 | E17: 18216234 | F17: 2023.06.29 | G17: 20240064833 | H17: 2024.02.22 | I17: 12058753 | J17: 2024.08.06 | K17: 12058753 | P17: LG ELECTRONICS INC. | Q17: Insun Jang|Jeongki Kim|Jinsoo Choi|Suhwook Kim|Namyeong Kim|Sungjin Park|Taewon Song | R17: 무선 LAN 시스템에서 다중 링크 장치(MLD)가 링크 수 필드와 이 필드의 존재 여부를 나타내는 링크 표시 필드를 포함하는 다중 링크 요소를 전송하는 기술. 다중 링크 요소는 추가로 다중 링크 제어 필드, 공통 정보 필드, 링크 정보 필드를 포함함. | S17: In a wireless local area network system, a multi-link device (MLD) may transmit a multi-link element including a number-of-links field and a link present field indicating whether the number-of-links field exists. The multi-link element further includes a multi-link control field, a common information field, and a link information field. The number-of-links field may be included in the multi-link control field. | T17: =COUNTA(_xlfn.TEXTSPLIT(Q17, "|")) -> 7 | U17: =_xlfn.LET( _xlpm.authors, _xlfn.TEXTSPLIT(Q17, "|"), _xlpm.countAuthors, COUNTA(_xlpm.authors), _xlpm.ratio, 1 / _xlpm.countAuthors, _xlpm.ratio ) -> 0.14285714 | V17: =300*표1[[#This Row],[열1]] -> 42.857143
A18: 17 | B18: US | C18: Transmission of a second ACK after failure of first ACK | D18: B2 | E18: 17286662 | F18: 2019.10.28 | G18: 20210368491 | H18: 2021.11.25 | I18: 12010683 | J18: 2024.06.11 | K18: 12010683 | L18: PCT/KR2019/014253 | M18: 20191028 | N18: WO2020091331 | O18: 2020.05.07 | P18: LG ELECTRONICS INC. | Q18: Taewon Song|Kiseon Ryu|Jeongki Kim|Jinsoo Choi|Suhwook Kim|Insun Jang | R18: 무선 LAN 시스템에서 첫 번째 스테이션(STA)이 첫 번째 링크를 통해 수신된 첫 번째 프레임에 대한 첫 번째 ACK 신호의 전송 실패를 확인하고, 두 번째 링크를 통해 두 번째 STA에 전송 실패 관련 보고 정보를 전송한 후, 첫 번째 링크에서 좁은 대역폭으로 두 번째 ACK 신호를 전송하는 기술. | S18: In a wireless local area network (LAN) system, a first station (STA) may check the transfer failure of a first acknowledgement (ACK) signal for a first frame, the signal being received through a first link. The first STA may transmit report information related to the transfer failure of the first ACK signal to a second STA through a second link. Here, the report information may include identification information associated with the first link. The first STA may receive a second frame from the second STA through the first link. The first STA may transmit a second ACK signal for the second frame to the second STA through the first link on a narrowband. | T18: =COUNTA(_xlfn.TEXTSPLIT(Q18, "|")) -> 6 | U18: =_xlfn.LET( _xlpm.authors, _xlfn.TEXTSPLIT(Q18, "|"), _xlpm.countAuthors, COUNTA(_xlpm.authors), _xlpm.ratio, 1 / _xlpm.countAuthors, _xlpm.ratio ) -> 0.16666667 | V18: =300*표1[[#This Row],[열1]] -> 50
A19: 18 | B19: US | C19: Method and device for transmitting data in wireless LAN system | D19: B2 | E19: 17272513 | F19: 2019.09.18 | G19: 20220110119 | H19: 2022.04.07 | I19: 11991676 | J19: 2024.05.21 | K19: 11991676 | L19: PCT/KR2019/012025 | M19: 20190918 | N19: WO2020060168 | O19: 2020.03.26 | P19: LG ELECTRONICS INC. | Q19: Taewon Song|Suhwook Kim|Jeongki Kim|Kiseon Ryu|Insun Jang|Jinsoo Choi | R19: 무선 LAN 시스템에서 AP가 첫 번째 및 두 번째 RF가 지원하는 첫 번째 대역을 통해 대역 전환 공지 요소를 전송하고, 두 번째 RF가 지원하는 첫 번째 대역을 두 번째 대역으로 변경한 후, 첫 번째 RF가 지원하는 첫 번째 대역과 두 번째 RF가 지원하는 두 번째 대역을 통해 결합된 다중 대역으로 STA에 데이터를 전송하는 기술. | S19: A method and a device for transmitting data in a wireless LAN system are proposed. Specifically, an AP transmits a band switch announcement element through a first band supported by a first and a second RF. The AP changes the first band, supported by the second RF, to a second band on the basis of the band switch announcement element. The AP transmits first data to an STA through the first band supported by the first RF and the second band supported by the second RF. The first data is transmitted through a multiple band in which the first band and the second band are combined. | T19: =COUNTA(_xlfn.TEXTSPLIT(Q19, "|")) -> 6 | U19: =_xlfn.LET( _xlpm.authors, _xlfn.TEXTSPLIT(Q19, "|"), _xlpm.countAuthors, COUNTA(_xlpm.authors), _xlpm.ratio, 1 / _xlpm.countAuthors, _xlpm.ratio ) -> 0.16666667 | V19: =300*표1[[#This Row],[열1]] -> 50
A20: 19 | B20: US | C20: Codeword-setting technique for HARQ operation | D20: B2 | E20: 17769267 | F20: 2020.08.28 | G20: 20230299873 | H20: 2023.09.21 | I20: 11984973 | J20: 2024.05.14 | K20: 11984973 | L20: PCT/KR2020/011557 | M20: 20200828 | N20: WO2021080155 | O20: 2021.04.29 | P20: LG ELECTRONICS INC. | Q20: Jinmin Kim|Jinsoo Choi|Dongguk Lim|Eunsung Park|Taewon Song | R20: 무선 LAN 시스템의 전송 스테이션(STA)이 수신 STA로부터 코드워드 길이에 관련된 정보를 수신하고, 이 정보에 기반하여 재전송할 코드워드를 설정하여 전송하는 기술. 코드워드 길이 정보를 활용해 효율적인 하이브리드 자동 재전송 요청(HARQ) 처리를 가능하게 함. | S20: A transmission station (STA) of a wireless local area network system, according to various embodiments, may receive information related to the length of a codeword from a reception STA. On the basis of the information related to the length of the codeword, the transmission STA sets the codeword to be retransmitted and transmits same. | T20: =COUNTA(_xlfn.TEXTSPLIT(Q20, "|")) -> 5 | U20: =_xlfn.LET( _xlpm.authors, _xlfn.TEXTSPLIT(Q20, "|"), _xlpm.countAuthors, COUNTA(_xlpm.authors), _xlpm.ratio, 1 / _xlpm.countAuthors, _xlpm.ratio ) -> 0.2 | V20: =300*표1[[#This Row],[열1]] -> 60
A21: 20 | B21: US | C21: Method and device for controlling plurality of links in wireless local area network system supporting plurality of links | D21: B2 | E21: 17267438 | F21: 2019.08.09 | G21: 20210329698 | H21: 2021.10.21 | I21: 11943809 | J21: 2024.03.26 | K21: 11943809 | L21: PCT/KR2019/010043 | M21: 20190809 | N21: WO2020032664 | O21: 2020.02.13 | P21: LG ELECTRONICS INC. | Q21: Insun Jang|Suhwook Kim|Jeongki Kim|Kiseon Ryu|Sungjin Park|Taewon Song|Jinsoo Choi | R21: 무선 LAN 시스템에서 첫 번째 및 두 번째 링크를 지원하는 첫 번째 스테이션(STA)이 두 번째 STA를 위해 생성된 PPDU를 첫 번째 링크를 통해 수신하고, 이를 기반으로 첫 번째 링크와 두 번째 링크에 대해 첫 번째 유형의 NAV를 설정하는 기술. | S21: According to various embodiments, a method performed in a wireless local area network (WLAN) system may comprise the steps of: receiving, by a first station (STA) supporting a first and a second link, a physical protocol data unit (PPDU) generated for a second STA, via the first link, the PPDU being received from a BSS to which the first STA belongs; setting, by the first STA, a first type NAV for the first link on the basis of the PPDU; and setting, by the first STA, a first type NAV for the second link on the basis of the PPDU. | T21: =COUNTA(_xlfn.TEXTSPLIT(Q21, "|")) -> 7 | U21: =_xlfn.LET( _xlpm.authors, _xlfn.TEXTSPLIT(Q21, "|"), _xlpm.countAuthors, COUNTA(_xlpm.authors), _xlpm.ratio, 1 / _xlpm.countAuthors, _xlpm.ratio ) -> 0.14285714 | V21: =300*표1[[#This Row],[열1]] -> 42.857143
A22: 21 | B22: US | C22: Method and device for transceiving frame in wireless LAN system | D22: B2 | E22: 17272494 | F22: 2019.08.28 | G22: 20210328741 | H22: 2021.10.21 | I22: 11916822 | J22: 2024.02.27 | K22: 11916822 | L22: PCT/KR2019/010986 | M22: 20190828 | N22: WO2020050541 | O22: 2020.03.12 | P22: LG ELECTRONICS INC. | Q22: Insun Jang|Suhwook Kim|Jeongki Kim|Kiseon Ryu|Taewon Song|Jinsoo Choi | R22: 무선 LAN 시스템에서 AP가 첫 번째 대역을 통해 첫 번째 STA에 프레임을 전송하는 동시에 두 번째 대역을 통해 두 번째 STA로부터 프레임을 수신하는 기술. 첫 번째와 두 번째 대역은 다중 대역으로 결합되어 다운링크와 업링크 전송을 동시 지원함. | S22: Provided is a method and device for transceiving a frame in a wireless Local Area Network (LAN) system. Particularly, an Access Point (AP) transmits a first frame to a first station (STA) via a first band. The AP receives a second frame from a second STA via a second band while the first frame is being transmitted. The first band and the second band are combined with each other as a multi-band. The multi-band simultaneously supports a Downlink (DL) transmission and a Uplink (UL) transmission. The relationship between the first STA and the second STA is a hidden node. A Physical (PHY) header of the first frame includes channel status information of the second band. A Network Allocation Vector (NAV) of the first STA is set up on the basis of the channel status information. | T22: =COUNTA(_xlfn.TEXTSPLIT(Q22, "|")) -> 6 | U22: =_xlfn.LET( _xlpm.authors, _xlfn.TEXTSPLIT(Q22, "|"), _xlpm.countAuthors, COUNTA(_xlpm.authors), _xlpm.ratio, 1 / _xlpm.countAuthors, _xlpm.ratio ) -> 0.16666667 | V22: =300*표1[[#This Row],[열1]] -> 50
A23: 22 | B23: US | C23: Method and device for receiving WUR discovery frame in wireless LAN system | D23: B2 | E23: 16629028 | F23: 2019.05.02 | G23: 20220346009 | H23: 2022.10.27 | I23: 11889418 | J23: 2024.01.30 | K23: 11889418 | L23: PCT/KR2019/005254 | M23: 20190502 | N23: WO2019245158 | O23: 2019.12.26 | P23: LG Electronics Inc. | Q23: Taewon Song|Suhwook Kim|Jeongki Kim|Kiseon Ryu|Jinsoo Choi | R23: 무선 LAN 시스템에서 스테이션(STA)이 AP로부터 WUR 디스커버리 요소를 수신하고, 이를 기반으로 이웃 AP로부터 WUR 디스커버리 프레임을 수신하는 기술. WUR 디스커버리 요소는 AP 목록 정보와 WUR 디스커버리 기간에 대한 정보를 포함함. | S23: Proposed herein is a method and device for receiving a WUR discovery frame in a wireless LAN system. More specifically, a station (STA) receives a WUR discovery element from an access point (AP). The STA receives the WUR discovery frame from a neighbor AP based on the WUR discovery element. The WUR discovery element includes AP list information. The AP list information includes information on a WUR discovery period. The WUR discovery frame is received during the WUR discovery period. | T23: =COUNTA(_xlfn.TEXTSPLIT(Q23, "|")) -> 5 | U23: =_xlfn.LET( _xlpm.authors, _xlfn.TEXTSPLIT(Q23, "|"), _xlpm.countAuthors, COUNTA(_xlpm.authors), _xlpm.ratio, 1 / _xlpm.countAuthors, _xlpm.ratio ) -> 0.2 | V23: =300*표1[[#This Row],[열1]] -> 60
A24: 23 | B24: US | C24: Technique for performing multi-link communication in wireless communication system | D24: B2 | E24: 18220170 | F24: 2023.07.10 | G24: 20230354146 | H24: 2023.11.02 | I24: 11882512 | J24: 2024.01.23 | K24: 11882512 | P24: LG ELECTRONICS INC. | Q24: Namyeong Kim|Jeongki Kim|Jinsoo Choi|Sungjin Park|Taewon Song|Insun Jang | R24: 다중 링크 장치(MLD)가 첫 번째 링크를 통해 PPDU를 수신하는 기술. 이 PPDU는 두 번째 링크에 관련된 정보 필드를 포함하며, 이 정보 필드는 두 번째 링크의 식별자 및 모든 요소 정보가 PPDU에 포함되었는지에 관한 정보를 포함함. | S24: According to various embodiments, a multi-link device (MLD) operating in a plurality of links can receive a PPDU through a first link from among the plurality of links. The PPU can include a first information field related to a second link that is differentiated from the first link. The first information field related to a second link can include a second information field related to a link identifier of a second link and a third information field related to whether all pieces of element information related to a second link is included in the PPDU. | T24: =COUNTA(_xlfn.TEXTSPLIT(Q24, "|")) -> 6 | U24: =_xlfn.LET( _xlpm.authors, _xlfn.TEXTSPLIT(Q24, "|"), _xlpm.countAuthors, COUNTA(_xlpm.authors), _xlpm.ratio, 1 / _xlpm.countAuthors, _xlpm.ratio ) -> 0.16666667 | V24: =300*표1[[#This Row],[열1]] -> 50
A25: 24 | B25: US | C25: Channel access in multi-link | D25: B2 | E25: 18210542 | F25: 2023.06.15 | G25: 20230328774 | H25: 2023.10.12 | I25: 11871447 | J25: 2024.01.09 | K25: 11871447 | P25: LG ELECTRONICS INC. | Q25: Insun Jang|Jeongki Kim|Jinsoo Choi|Suhwook Kim|Namyeong Kim|Sungjin Park|Taewon Song | R25: 무선 LAN 시스템에서 비동시 송수신(non-STR) 장치가 첫 번째 링크와 두 번째 링크에 관련된 다중 링크 통신을 지원함. 첫 번째 링크의 백오프 카운터가 0에 도달했으나 두 번째 링크의 백오프 카운터가 0에 도달하지 않은 경우 PPDU 전송을 지연하는 기술. | S25: A method for a non-simultaneous transmit and receive (non-STR) device in a wireless local area network (LAN) is provided. The non-STR device may support a multi-link communication related to a first link and a second link. The non-STR device may determine whether to transmit a first physical protocol data unit (PPDU), PPDU, based on a channel access result on the first link and a channel access result on the second link. The non-STR device determines not to transmit the first PPDU through the first link and keeps the back-off counter of the first link at zero (0) when a back-off counter of the first link reaches zero (0) and a back-off counter of the second link does not reach zero (0). | T25: =COUNTA(_xlfn.TEXTSPLIT(Q25, "|")) -> 7 | U25: =_xlfn.LET( _xlpm.authors, _xlfn.TEXTSPLIT(Q25, "|"), _xlpm.countAuthors, COUNTA(_xlpm.authors), _xlpm.ratio, 1 / _xlpm.countAuthors, _xlpm.ratio ) -> 0.14285714 | V25: =300*표1[[#This Row],[열1]] -> 42.857143
A26: 25 | B26: US | C26: Technique for controlling plurality of wireless communication links | D26: B2 | E26: 17276751 | F26: 2019.09.17 | G26: 20220053559 | H26: 2022.02.17 | I26: 11838951 | J26: 2023.12.05 | K26: 11838951 | L26: PCT/KR2019/011981 | M26: 20190917 | N26: WO2020060145 | O26: 2020.03.26 | P26: LG ELECTRONICS INC. | Q26: Insun Jang|Suhwook Kim|Jeongki Kim|Kiseon Ryu|Taewon Song|Jinsoo Choi | R26: 첫 번째 링크에서 두 번째 링크의 NAV 설정을 위한 정보를 전송하는 기술. 전송 STA가 두 번째 링크를 통해 통신할 때, 첫 번째 링크를 통해 다른 STA에 두 번째 링크의 NAV 설정 정보를 전송하여 채널 접근을 효율적으로 관리함. | S26: One embodiment according to the present specification relates to a method for transmitting, from a first link, information for setting a NAV in a second link. When transmission STA performs communication through a second link, the transmission STA can transmit, through a first link, information for setting the NAV for the second link in another STA. Particularly, the transmission STA can receive, from the second reception STA, a second frame through the second link. The transmission STA can transmit, to a first reception STA, a first frame through the first link during the reception of the second frame. The first frame can include information for setting the NAV for the second link. The first reception STA can set the NAV for the second link on the basis of the first frame. | T26: =COUNTA(_xlfn.TEXTSPLIT(Q26, "|")) -> 6 | U26: =_xlfn.LET( _xlpm.authors, _xlfn.TEXTSPLIT(Q26, "|"), _xlpm.countAuthors, COUNTA(_xlpm.authors), _xlpm.ratio, 1 / _xlpm.countAuthors, _xlpm.ratio ) -> 0.16666667 | V26: =300*표1[[#This Row],[열1]] -> 50
A27: 26 | B27: US | C27: Method and device for transmitting signal through multi-link in wireless LAN system | D27: B2 | E27: 17266989 | F27: 2019.08.08 | G27: 20210315036 | H27: 2021.10.07 | I27: 11723094 | J27: 2023.08.08 | K27: 11723094 | L27: PCT/KR2019/009991 | M27: 20190808 | N27: WO2020032633 | O27: 2020.02.13 | P27: LG ELECTRONICS INC. | Q27: Insun Jang|Suhwook Kim|Jeongki Kim|Kiseon Ryu|Sungjin Park|Taewon Song|Jinsoo Choi | R27: 무선 LAN 시스템에서 전송 장치가 첫 번째 링크를 통해 ACK를 수신한 후, 첫 번째 링크를 위해 구성된 TXOP 내에서 두 번째 링크가 일정 시간 동안 유휴 상태인지 확인하고, 이에 기반하여 첫 번째 링크와 두 번째 링크를 집계하여 패킷을 전송하는 기술. | S27: A method for operation in a wireless local area network (WLAN) system according to various embodiments may comprise the steps of: determining, by a transmitting device, whether a second link is in an idle state for a first time interval, after receiving an ACK through a first link within a TXOP configured for the first link; aggregating, by the transmitting device, the first link and the second link on the basis of the determination; and transmitting, by the transmitting device, a packet through the aggregated first link and second link. | T27: =COUNTA(_xlfn.TEXTSPLIT(Q27, "|")) -> 7 | U27: =_xlfn.LET( _xlpm.authors, _xlfn.TEXTSPLIT(Q27, "|"), _xlpm.countAuthors, COUNTA(_xlpm.authors), _xlpm.ratio, 1 / _xlpm.countAuthors, _xlpm.ratio ) -> 0.14285714 | V27: =300*표1[[#This Row],[열1]] -> 42.857143
A28: 27 | B28: US | C28: Method and apparatus for transmitting PPDU on basis of S-TDMA in wireless LAN system | D28: B2 | E28: 16978175 | F28: 2019.03.26 | G28: 20210050914 | H28: 2021.02.18 | I28: 11641237 | J28: 2023.05.02 | K28: 11641237 | L28: PCT/KR2019/003475 | M28: 20190326 | N28: WO2019190150 | O28: 2019.10.03 | P28: LG ELECTRONICS INC. | Q28: Insun Jang|Suhwook Kim|Jeongki Kim|Kiseon Ryu|Taewon Song|Jinsoo Choi | R28: 무선 LAN 시스템에서 AP가 PPDU를 생성하여 첫 번째 및 두 번째 STA에 전송하는 기술. PPDU는 S-TDMA 정보를 포함하는 세 번째 신호 필드를 포함하며, 이를 통해 첫 번째와 두 번째 데이터 필드를 서로 다른 심볼 타이밍에 효율적으로 전송함. | S28: A method and apparatus for transmitting a PPDU on the basis of S-TDMA in a wireless LAN system are presented. In particular, an AP generates a PPDU, and transmits the PPDU to a first STA and a second STA. When a PPDU further comprises a third signal field, the third signal field comprises information about S-TDMA. The information about S-TDMA comprises STDMA indication information indicating that S-TDMA can be carried out, first symbol offset information about a first data field, and second symbol offset information about a second data field. The S-TDMA indication information comprises information indicating that the first and second data fields are assigned to a first RU. The first data field is transmitted from the first RU during a first symbol determined on the basis of the first symbol offset information. The second data field is transmitted from the first RU during a second symbol determined on the basis of the second symbol offset information. | T28: =COUNTA(_xlfn.TEXTSPLIT(Q28, "|")) -> 6 | U28: =_xlfn.LET( _xlpm.authors, _xlfn.TEXTSPLIT(Q28, "|"), _xlpm.countAuthors, COUNTA(_xlpm.authors), _xlpm.ratio, 1 / _xlpm.countAuthors, _xlpm.ratio ) -> 0.16666667 | V28: =300*표1[[#This Row],[열1]] -> 50
A29: 28 | B29: US | C29: Techniques for performing multi-link communication in wireless local area network system | D29: B2 | E29: 17162290 | F29: 2021.01.29 | G29: 20210259033 | H29: 2021.08.19 | I29: 11641685 | J29: 2023.05.02 | K29: 11641685 | P29: LG ELECTRONICS INC. | Q29: Namyeong Kim|Jeongki Kim|Jinsoo Choi|Suhwook Kim|Sungjin Park|Taewon Song|Insun Jang|Sunhee Baek | R29: 첫 번째 링크와 두 번째 링크에서 작동하는 다중 링크 장치(MLD)가 깨어 있는 상태의 첫 번째 스테이션(STA)을 통해 MLD에 버퍼링된 데이터에 관한 정보를 전송하는 기술. 이 정보는 첫 번째 STA와 관련된 정보 필드와 두 번째 STA와 관련된 정보 필드를 포함함. | S29: According to various embodiments, a multi-link device (MLD) operating in a first link and a second link may transmit information on data buffered in the MLD through a first station (STA) operating in an awake state. The information on the data buffered in the MLD may include a first information field related to the first STA and a second information field related to a second STA. | T29: =COUNTA(_xlfn.TEXTSPLIT(Q29, "|")) -> 8 | U29: =_xlfn.LET( _xlpm.authors, _xlfn.TEXTSPLIT(Q29, "|"), _xlpm.countAuthors, COUNTA(_xlpm.authors), _xlpm.ratio, 1 / _xlpm.countAuthors, _xlpm.ratio ) -> 0.125 | V29: =300*표1[[#This Row],[열1]] -> 37.5
A30: 29 | B30: US | C30: Method and device for transmitting data in wireless LAN system | D30: B2 | E30: 17252719 | F30: 2019.06.18 | G30: 20210153248 | H30: 2021.05.20 | I30: 11601973 | J30: 2023.03.07 | K30: 11601973 | L30: PCT/KR2019/007347 | M30: 20190618 | N30: WO2019245267 | O30: 2019.12.26 | P30: LG ELECTRONICS INC. | Q30: Insun Jang|Suhwook Kim|Jeongki Kim|Kiseon Ryu|Taewon Song|Jinsoo Choi | R30: 무선 LAN 시스템에서 전송 장치가 다중 대역에 관련된 구성 정보를 수신하고, 다중 대역에 대해 채널 감지를 수행한 후, 그 결과에 따라 수신 장치에 데이터를 전송하는 기술. 다중 대역에는 첫 번째 및 두 번째 대역이 결합되어 효율적인 데이터 전송을 가능하게 함. | S30: A method and device for transmitting data in a wireless LAN system are provided. Particularly, a transmission device receives configuration information relating to a multi-band. The transmission device performs channel sensing with respect to the multi-band. The transmission device transmits data to a reception device via the multi-band on the basis of the result of the channel sensing. A first band and a second band are combined in the multi-band. The first band comprises a first primary channel, and the second band comprises a second primary channel. The result of the channel sensing is obtained on the basis of whether or not the first primary channel is idle until a first BC value becomes 0 and whether or not the second primary channel is idle until a second BC value becomes 0. The first BC value is selected within a first CW configured with respect to the first primary channel. The second BC value is selected within a second CW configured with respect to the second primary channel. | T30: =COUNTA(_xlfn.TEXTSPLIT(Q30, "|")) -> 6 | U30: =_xlfn.LET( _xlpm.authors, _xlfn.TEXTSPLIT(Q30, "|"), _xlpm.countAuthors, COUNTA(_xlpm.authors), _xlpm.ratio, 1 / _xlpm.countAuthors, _xlpm.ratio ) -> 0.16666667 | V30: =300*표1[[#This Row],[열1]] -> 50
A31: 30 | B31: US | C31: Method for communication in wireless LAN system and wireless terminal using same | D31: B2 | E31: 17050824 | F31: 2019.04.22 | G31: 20210051580 | H31: 2021.02.18 | I31: 11582692 | J31: 2023.02.14 | K31: 11582692 | L31: PCT/KR2019/004816 | M31: 20190422 | N31: WO2019208988 | O31: 2019.10.31 | P31: LG ELECTRONICS INC. | Q31: Suhwook Kim|Jeongki Kim|Kiseon Ryu|Taewon Song|Jinsoo Choi | R31: 무선 LAN 시스템에서 웨이크업 라디오(WUR) STA 관련 기술적 특징을 제안함. 구체적으로 WUR 모드 동작에 관련된 파라미터를 업데이트하는 작업으로, WUR STA가 WUR 모드를 유지하면서 AP로부터 비요청 프레임을 수신하여 파라미터를 업데이트함. | S31: The present specification proposes a technical feature related to a wake-up radio (WUR) STA. Specifically, proposed is an operation of updating a parameter related to an operation of a WUR mode. For example, the WUR STA may update a parameter related to the WUR mode by receiving an unsolicited frame from an AP while maintaining the WUR mode. The received frame may have a preset action type. | T31: =COUNTA(_xlfn.TEXTSPLIT(Q31, "|")) -> 5 | U31: =_xlfn.LET( _xlpm.authors, _xlfn.TEXTSPLIT(Q31, "|"), _xlpm.countAuthors, COUNTA(_xlpm.authors), _xlpm.ratio, 1 / _xlpm.countAuthors, _xlpm.ratio ) -> 0.2 | V31: =300*표1[[#This Row],[열1]] -> 60
A32: 31 | B32: US | C32: Method and apparatus for transmitting PPDU in WLAN system | D32: B2 | E32: 17267805 | F32: 2019.07.23 | G32: 20210168868 | H32: 2021.06.03 | I32: 11497058 | J32: 2022.11.08 | K32: 11497058 | L32: PCT/KR2019/009080 | M32: 20190723 | N32: WO2020032430 | O32: 2020.02.13 | P32: LG ELECTRONICS INC. | Q32: Insun Jang|Suhwook Kim|Jeongki Kim|Kiseon Ryu|Sungjin Park|Taewon Song|Jinsoo Choi | R32: WLAN 시스템에서 전송 장치가 다중 대역에 관련된 구성 정보를 수신하고, 다중 대역에 대해 채널 감지를 수행한 후 채널 감지 결과에 따라 수신 장치에 PPDU를 전송하는 기술. 첫 번째 및 두 번째 대역에 공통으로 설정된 CW 값에 기반하여 채널 감지를 수행함. | S32: A method and an apparatus for transmitting a PPDU in a WLAN system are proposed. Particularly, a transmission device receives configuration information relating to a multi-band. The transmission device performs channel sensing with respect to the multi-band. The transmission device transmits PPDUs to a reception device via the multi-band on the basis of the result of the channel sensing. In the multi-hand, a first band and a second band are combined. The first band includes a first primary channel. The second band includes a second primary channel. The channel sensing is performed on the basis of a first CW value which is set in common for the first and second bands. If transmission of some PPDUs allocated to the second band of the PPDUs fails, the first CW value is increased. | T32: =COUNTA(_xlfn.TEXTSPLIT(Q32, "|")) -> 7 | U32: =_xlfn.LET( _xlpm.authors, _xlfn.TEXTSPLIT(Q32, "|"), _xlpm.countAuthors, COUNTA(_xlpm.authors), _xlpm.ratio, 1 / _xlpm.countAuthors, _xlpm.ratio ) -> 0.14285714 | V32: =300*표1[[#This Row],[열1]] -> 42.857143
A33: 32 | B33: US | C33: Method and device for transmitting data in wireless LAN system | D33: B2 | E33: 17256146 | F33: 2019.07.10 | G33: 20210176643 | H33: 2021.06.10 | I33: 11490261 | J33: 2022.11.01 | K33: 11490261 | L33: PCT/KR2019/008480 | M33: 20190710 | N33: WO2020013594 | O33: 2020.01.16 | P33: LG ELECTRONICS INC. | Q33: Insun Jang|Suhwook Kim|Jeongki Kim|Kiseon Ryu|Eunsung Park|Taewon Song|Jinsoo Choi | R33: 무선 LAN 시스템에서 수신 데이터에 관한 방법 및 장치를 제안함. 구체적으로 AP가 다중 대역을 통해 첫 번째에서 세 번째 STA에 트리거 프레임을 전송하고, 이를 기반으로 STA들로부터 데이터를 수신하며, 각 STA와 관련된 사용자 정보를 효율적으로 관리함. | S33: Proposed is a method and device for receiving data in a wireless LAN system. Specifically, an AP transmits a trigger frame to a first to a third station (STA) through a multi-band. The AP receives data from the first to third STAs on the basis of the trigger frame. In the multi-band, a first band to a third band are combined. The trigger frame includes a common information field and a first to a third user information field. When the first and second STAs are associated with the first band, the first user information field includes user information relating to the first and second STAs. When the second and third STAs are associated with the second band, the second user information field includes user information relating to the second and third STAs. When the third STA is associated with the third band, the third user information field includes user information relating to the third STA. | T33: =COUNTA(_xlfn.TEXTSPLIT(Q33, "|")) -> 7 | U33: =_xlfn.LET( _xlpm.authors, _xlfn.TEXTSPLIT(Q33, "|"), _xlpm.countAuthors, COUNTA(_xlpm.authors), _xlpm.ratio, 1 / _xlpm.countAuthors, _xlpm.ratio ) -> 0.14285714 | V33: =300*표1[[#This Row],[열1]] -> 42.857143
A34: 33 | B34: US | C34: Method and apparatus for transmitting PPDU on basis of S-TDMA in wireless LAN system | D34: B2 | E34: 16979504 | F34: 2019.03.26 | G34: 20210006444 | H34: 2021.01.07 | I34: 11451424 | J34: 2022.09.20 | K34: 11451424 | L34: PCT/KR2019/003476 | M34: 20190326 | N34: WO2019190151 | O34: 2019.10.03 | P34: LG ELECTRONICS INC. | Q34: Insun Jang|Suhwook Kim|Jeongki Kim|Kiseon Ryu|Taewon Song|Jinsoo Choi | R34: 무선 LAN 시스템에서 AP가 첫 번째 및 두 번째 STA에 트리거 프레임을 전송하고, 이에 기반하여 첫 번째 및 두 번째 트리거 기반 프레임을 수신하는 기술. 트리거 프레임은 S-TDMA 수행을 가능하게 하는 정보와 프레임 전송 타이밍에 관한 정보를 포함함. | S34: A method and an apparatus for transmitting a PPDU on the basis of an S-TDMA in a wireless LAN system are presented. Particularly, an AP transmits a trigger frame to a first STA and a second STA. The AP receives, on the basis of the trigger frame, a first trigger-based frame from the first STA and a second trigger-based frame from the second STA. The trigger frame includes a common information field and a user information field. The common information field includes S-TDMA indication information enabling the S-TDMA to be performed. The user information field includes: allocation information on a first RU to which the first trigger-based frame and the second trigger-based frame are transmitted; first symbol offset information on the first trigger-based frame; and second symbol offset information on the second trigger-based frame. | T34: =COUNTA(_xlfn.TEXTSPLIT(Q34, "|")) -> 6 | U34: =_xlfn.LET( _xlpm.authors, _xlfn.TEXTSPLIT(Q34, "|"), _xlpm.countAuthors, COUNTA(_xlpm.authors), _xlpm.ratio, 1 / _xlpm.countAuthors, _xlpm.ratio ) -> 0.16666667 | V34: =300*표1[[#This Row],[열1]] -> 50
A35: 34 | B35: US | C35: Method for performing communication on basis of power-saving operation in wireless LAN system, and wireless terminal using same | D35: B2 | E35: 16961655 | F35: 2019.01.11 | G35: 20200404588 | H35: 2020.12.24 | I35: 11330523 | J35: 2022.05.10 | K35: 11330523 | L35: PCT/KR2019/000445 | M35: 20190111 | N35: WO2019139398 | O35: 2019.07.18 | P35: LG ELECTRONICS INC. | Q35: Suhwook Kim|Jeongki Kim|Kiseon Ryu|Taewon Song | R35: 무선 LAN 시스템에서 메인 라디오 모듈과 웨이크업 라디오(WUR) 모듈을 포함하는 첫 번째 무선 단말이 WUR 모드에서 웨이크업 패킷을, 수신한 후 일정 시간이 경과하면 메인 라디오 모듈을 깨우는 기술. 효율적인 전력 관리를 통해 통신 성능을 향상시킴. | S35: A method for performing communication based on a power saving operation in a wireless LAN system according to an embodiment includes: receiving, by a first wireless terminal including a main radio module and a wake-up radio (WUR) module for receiving a wake-up packet modulated with on-off keying (OOK), the wake-up packet from a second wireless terminal based on the WUR module in a WUR mode in which the WUR module is controlled to alternate between a turn-on state and a turn-off state based on a power state of the main radio module, the wake-up packet including information related to an individually addressed frame for the first wireless terminal; and controlling, by the first wireless terminal, the main radio module such that the main radio module is in an awake state in a predetermined service period related to the main radio module when a predetermined time has elapsed after reception of the wake-up packet. | T35: =COUNTA(_xlfn.TEXTSPLIT(Q35, "|")) -> 4 | U35: =_xlfn.LET( _xlpm.authors, _xlfn.TEXTSPLIT(Q35, "|"), _xlpm.countAuthors, COUNTA(_xlpm.authors), _xlpm.ratio, 1 / _xlpm.countAuthors, _xlpm.ratio ) -> 0.25 | V35: =300*표1[[#This Row],[열1]] -> 75
A36: 35 | B36: US | C36: Method and device for transmitting data in wireless LAN system | D36: B2 | E36: 17253591 | F36: 2019.06.18 | G36: 20210176785 | H36: 2021.06.10 | I36: 11324046 | J36: 2022.05.03 | K36: 11324046 | L36: PCT/KR2019/007339 | M36: 20190618 | N36: WO2019245265 | O36: 2019.12.26 | P36: LG ELECTRONICS INC. | Q36: Insun Jang|Suhwook Kim|Jeongki Kim|Kiseon Ryu|Taewon Song|Jinsoo Choi | R36: 무선 LAN 시스템에서 전송 장치가 첫 번째부터 세 번째 대역을 결합한 다중 대역의 구성 정보를 수신하고, 첫 번째부터 세 번째 대역에 대해 채널 감지를 수행한 후 그 결과에 기반하여 수신 장치에 데이터를 전송하는 기술. 각 대역은 주요 및 부가 채널을 포함함. | S36: Proposed are a method and a device for transmitting data in a wireless LAN system. Specifically, a transmission device receives configuration information of a multi-band formed by aggregating first to third bands. The transmission device carries out channel sensing on the first to third bands. The transmission device transmits data to a receiving device on the basis of the result of the channel sensing. The first band comprises a first primary channel and a first secondary channel; the second band comprises a second primary channel and a second secondary channel; and the third band comprises a third primary channel and a third secondary channel. | T36: =COUNTA(_xlfn.TEXTSPLIT(Q36, "|")) -> 6 | U36: =_xlfn.LET( _xlpm.authors, _xlfn.TEXTSPLIT(Q36, "|"), _xlpm.countAuthors, COUNTA(_xlpm.authors), _xlpm.ratio, 1 / _xlpm.countAuthors, _xlpm.ratio ) -> 0.16666667 | V36: =300*표1[[#This Row],[열1]] -> 50
A37: 36 | B37: US | C37: Method for supporting dual connectivity in wireless LAN system and wireless terminal using same | D37: B2 | E37: 17042083 | F37: 2019.03.25 | G37: 20210100052 | H37: 2021.04.01 | I37: 11265942 | J37: 2022.03.01 | K37: 11265942 | L37: PCT/KR2019/003428 | M37: 20190325 | N37: WO2019190133 | O37: 2019.10.03 | P37: LG ELECTRONICS INC. | Q37: Suhwook Kim|Jeongki Kim|Kiseon Ryu|Taewon Song|Insun Jang|Jinsoo Choi | S37: A method for supporting dual connectivity performed by a STA connected to a first AP and a second AP in a WLAN according to one embodiment includes: determining whether a predetermined AP change condition is satisfied while performing uplink transmission based on a first operating band for the first AP; transmitting an AP change request frame to the first AP in order to perform uplink transmission based on a second operating band for the second AP when it is determined that the AP change condition is satisfied; receiving an AP change response frame from the first AP in response to the AP change request frame; performing a channel switch operation from the first operating band to the second operating band when the AP change request frame is received; and transmitting an uplink frame to the second AP based on the second operating band. | T37: =COUNTA(_xlfn.TEXTSPLIT(Q37, "|")) -> 6 | U37: =_xlfn.LET( _xlpm.authors, _xlfn.TEXTSPLIT(Q37, "|"), _xlpm.countAuthors, COUNTA(_xlpm.authors), _xlpm.ratio, 1 / _xlpm.countAuthors, _xlpm.ratio ) -> 0.16666667 | V37: =300*표1[[#This Row],[열1]] -> 50
A38: 37 | B38: US | C38: Method for transmitting or receiving frame in wireless LAN and device therefor | D38: B2 | E38: 16635968 | F38: 2018.08.17 | G38: 20200245238 | H38: 2020.07.30 | I38: 11259244 | J38: 2022.02.22 | K38: 11259244 | L38: PCT/KR2018/009445 | M38: 20180817 | N38: WO2019035682 | O38: 2019.02.21 | P38: LG Electronics Inc. | Q38: Jeongki Kim|Suhwook Kim|Kiseon Ryu|Taewon Song|Jinsoo Choi | S38: A method by which an access point (AP) transmits a frame in a wireless LAN, according to one embodiment of the present disclosure, comprises: determining a wake-up radio (WUR) identifier (WID) for identifying a station (STA) and a group identifier (GID) for identifying an STA group to which the STA belongs, in a WUR mode; transmitting the WID and the GID through a primary connectivity radio (PCR) so as to allocate, to the STA, the determined WID and GID; and transmitting, based on the GID or the WID, a WUR frame for waking up a plurality of STAs including the STA operating in the WUR mode, wherein the AP can determine the GID by using a part of an ID space which can be used in the WUR, and determine the WID by using the remaining space excluding the partial ID space used for the GID. | T38: =COUNTA(_xlfn.TEXTSPLIT(Q38, "|")) -> 5 | U38: =_xlfn.LET( _xlpm.authors, _xlfn.TEXTSPLIT(Q38, "|"), _xlpm.countAuthors, COUNTA(_xlpm.authors), _xlpm.ratio, 1 / _xlpm.countAuthors, _xlpm.ratio ) -> 0.2 | V38: =300*표1[[#This Row],[열1]] -> 60
A39: 38 | B39: US | C39: Method for transmitting or receiving frame in wireless LAN and apparatus therefor | D39: B2 | E39: 16760824 | F39: 2018.11.01 | G39: 20210227469 | H39: 2021.07.22 | I39: 11184854 | J39: 2021.11.23 | K39: 11184854 | L39: PCT/KR2018/013179 | M39: 20181101 | N39: WO2019088732 | O39: 2019.05.09 | P39: LG Electronics Inc. | Q39: Jeongki Kim|Suhwook Kim|Kiseon Ryu|Taewon Song | S39: A method for an STA for receiving a WUR frame in a WLAN, according to one embodiment of the present invention, comprises the steps of: receiving a WUR frame including a first portion of a TSF timer and an MIC value; calculating an MIC verification value on the basis of the first portion of the TSF timer and the TSF timer stored in the STA; and determining whether to discard the received WUR frame depending on whether the MIC value included in the WUR frame matches the calculated MIC verification value, wherein the first portion of the TSF timer included in the WUR frame is the 8-bits following the least significant N-bit in the TSF timer, and the STA may obtain a continuous 48-bit partial TSF timer value through the first portion of the TSF timer and a second portion of the TSF timer stored in the STA, and may calculate the MIC verification value on the basis of the obtained 48-bit partial TSF timer value. | T39: =COUNTA(_xlfn.TEXTSPLIT(Q39, "|")) -> 4 | U39: =_xlfn.LET( _xlpm.authors, _xlfn.TEXTSPLIT(Q39, "|"), _xlpm.countAuthors, COUNTA(_xlpm.authors), _xlpm.ratio, 1 / _xlpm.countAuthors, _xlpm.ratio ) -> 0.25 | V39: =300*표1[[#This Row],[열1]] -> 75
A40: 39 | B40: US | C40: Method for communication in WLAN system and wireless terminal using the same | D40: B2 | E40: 16641503 | F40: 2019.03.25 | G40: 20210153126 | H40: 2021.05.20 | I40: 11166236 | J40: 2021.11.02 | K40: 11166236 | L40: PCT/KR2019/003420 | M40: 20190325 | N40: WO2020075930 | O40: 2020.04.16 | P40: LG Electronics Inc. | Q40: Jeongki Kim|Suhwook Kim|Taewon Song|Jinsoo Choi | S40: A method in a wireless local area network (WLAN) system is performed by a first wireless terminal and includes: receiving a wake-up radio (WUR) mode request frame from a second wireless terminal; allocating first identification information for the second wireless terminal, wherein the first identification information is configured based on a value obtained by adding a first value related to a transmitter identifier (TXID) of the first wireless terminal and a second value related to an association identifier (AID) of the second wireless terminal; determining whether the first identification information coincides with pre-allocated one or more pieces of second identification information; reallocating a value randomly selected from among predetermined candidate values to the first identification information; and transmitting a WUR mode response frame including the re-allocated first identification information to the second wireless terminal. | T40: =COUNTA(_xlfn.TEXTSPLIT(Q40, "|")) -> 4 | U40: =_xlfn.LET( _xlpm.authors, _xlfn.TEXTSPLIT(Q40, "|"), _xlpm.countAuthors, COUNTA(_xlpm.authors), _xlpm.ratio, 1 / _xlpm.countAuthors, _xlpm.ratio ) -> 0.25 | V40: =300*표1[[#This Row],[열1]] -> 75
A41: 40 | B41: US | C41: Method for transmitting or receiving wake-up radio frame in wireless LAN system and apparatus therefor | D41: B2 | E41: 16467025 | F41: 2017.12.06 | G41: 20190281551 | H41: 2019.09.12 | I41: 10849070 | J41: 2020.11.24 | K41: 10849070 | L41: PCT/KR2017/014220 | M41: 20171206 | N41: WO2018106006 | O41: 2018.06.14 | P41: LG ELECTRONICS INC. | Q41: Jeongki Kim|Kiseon Ryu|Hyunhee Park|Suhwook Kim|Hangyu Cho|Jinyoung Chun|Jinsoo Choi|Taewon Song | S41: A method for transmitting a wake-up radio (WUR) frame by an access point (AP) in a wireless LAN (WLAN) system according to one embodiment of the present invention comprises the steps of: generating a WUR frame including a WUR preamble and a MAC header; and transmitting the WUR frame, wherein the MAC header includes at least one of frame length information, a transmitter ID and a receiver ID, and when the frame length information is included in the MAC header, the frame length information indicates a length of MAC content located after the WUR preamble in the WUR frame, but the length of the MAC header may be excluded from the indicated length of the MAC content. | T41: =COUNTA(_xlfn.TEXTSPLIT(Q41, "|")) -> 8 | U41: =_xlfn.LET( _xlpm.authors, _xlfn.TEXTSPLIT(Q41, "|"), _xlpm.countAuthors, COUNTA(_xlpm.authors), _xlpm.ratio, 1 / _xlpm.countAuthors, _xlpm.ratio ) -> 0.125 | V41: =300*표1[[#This Row],[열1]] -> 37.5
A42: 41 | B42: US | C42: METHOD AND DEVICE FOR RECEIVING DATA IN WIRELESS LAN SYSTEM | D42: A1 | E42: 17275028 | F42: 2019.09.18 | G42: 20220061051 | H42: 2022.02.24 | K42: 20220061051 | L42: PCT/KR2019/012026 | M42: 20190918 | P42: LG ELECTRONICS INC.|LG ELECTRONICS INC. | Q42: Taewon SONG|Suhwook KIM|Jeongki KIM|Kiseon RYU|Insun JANG|Jinsoo CHOI | S42: Provided are a method and device for receiving data in a wireless LAN system. Particularly, an STA transmits an operating band negotiation request frame to an AP by means of a first band supported by first and second RFs. The STA receives an operating band negotiation response frame from the AP by means of the first band as a response to the operating band negotiation request frame. The STA changes the first band supported by the second RF into a second band on the basis of the operating band negotiation request frame and the operating band negotiation response frame. The STA receives first data from the AP by means of the first band supported by the first RF and the second band supported by the second RF. The first data is transmitted by means of a multi-band in which the first band and the second band are combined. | T42: =COUNTA(_xlfn.TEXTSPLIT(Q42, "|")) -> 6 | U42: =_xlfn.LET( _xlpm.authors, _xlfn.TEXTSPLIT(Q42, "|"), _xlpm.countAuthors, COUNTA(_xlpm.authors), _xlpm.ratio, 1 / _xlpm.countAuthors, _xlpm.ratio ) -> 0.16666667 | V42: =300*표1[[#This Row],[열1]] -> 50
A43: 42 | B43: US | C43: METHOD FOR COMMUNICATING IN WIRELESS LAN SYSTEM AND WIRELESS TERMINAL USING SAME | D43: A1 | E43: 17042086 | F43: 2019.04.02 | G43: 20210099955 | H43: 2021.04.01 | K43: 20210099955 | L43: PCT/KR2019/003865 | M43: 20190402 | P43: LG ELECTRONICS INC.|LG ELECTRONICS INC. | Q43: Suhwook KIM|Jeongki KIM|Kiseon RYU|Taewon SONG|Jinsoo CHOI | S43: The present specification proposes a technical feature related to a wake-up radio (WUR) STA. Specifically, proposed is an operation applied when a WUR STA having a service period (SP) enters a WUR mode. For example, an operation for an SP positioned next to a section in which a wake-up packet (WUP) is transmitted and an operation for an SP positioned after a section in which a WUP is not transmitted may be set to be different from each other. Accordingly, proposed is a technique of efficiently controlling a conventionally negotiated SP in the WUR mode. | T43: =COUNTA(_xlfn.TEXTSPLIT(Q43, "|")) -> 5 | U43: =_xlfn.LET( _xlpm.authors, _xlfn.TEXTSPLIT(Q43, "|"), _xlpm.countAuthors, COUNTA(_xlpm.authors), _xlpm.ratio, 1 / _xlpm.countAuthors, _xlpm.ratio ) -> 0.2 | V43: =300*표1[[#This Row],[열1]] -> 60
A44: 43 | B44: US | C44: METHOD FOR COMMUNICATING IN WIRELESS LAN SYSTEM AND WIRELESS TERMINAL USING SAME | D44: A1 | E44: 16760024 | F44: 2018.11.02 | G44: 20200351773 | H44: 2020.11.05 | K44: 20200351773 | L44: PCT/KR2018/013251 | M44: 20181102 | P44: LG ELECTRONICS INC.|LG ELECTRONICS INC. | Q44: Suhwook KIM|Kiseon RYU|Jeongki KIM|Taewon SONG | S44: A method for communicating in a wireless LAN system according to the present embodiment comprises the steps in which: a first wireless terminal transmits an association request frame requesting an association with a second wireless terminal to the second wireless terminal on the basis of a main radio module, wherein the first wireless terminal includes a main radio module for communicating with the second wireless terminal and a WUR module for receiving a wakeup packet modulated by the OOK technique from the second wireless terminal, the association request frame includes operation information for the WUR module, and the operation information includes time information required for the first wireless terminal to transition the main radio module from a doze state to a wake state; and the first wireless terminal receives an association response frame from the second wireless terminal in response to the association request frame. | T44: =COUNTA(_xlfn.TEXTSPLIT(Q44, "|")) -> 4 | U44: =_xlfn.LET( _xlpm.authors, _xlfn.TEXTSPLIT(Q44, "|"), _xlpm.countAuthors, COUNTA(_xlpm.authors), _xlpm.ratio, 1 / _xlpm.countAuthors, _xlpm.ratio ) -> 0.25 | V44: =300*표1[[#This Row],[열1]] -> 75
A45: 44 | B45: US | C45: CHANNEL SWITCHING FOR C-OFDMA TRANSMISSION IN MULTI-AP SYSTEM | D45: A1 | E45: 17791863 | F45: 2020.09.25 | G45: 20230103807 | H45: 2023.04.06 | K45: 20230103807 | L45: PCT/KR2020/013037 | M45: 20200925 | P45: LG ELECTRONICS INC.|LG ELECTRONICS INC. | Q45: Sungjin PARK|Jeongki KIM|Jinsoo CHOI|Suhwook KIM|Namyeong KIM|Taewon SONG|Insun JANG | S45: The present disclosure is related to a sharing access point (AP) and a shared AP in a wireless Local Area Network (LAN). A method performed by the sharing AP may comprise the steps of: allocating a first channel to first and second stations (STAs), wherein the shared AP is associated with the first and second STAs; receiving, from a sharing AP, an allocation of a second channel for transmission of coordinated orthogonal frequency division multiplexing access (C-OFDMA); and transmitting a channel switching signal that requests channel switching from the first channel to the second channel, wherein the channel switching signal is only transmitted to the first STA participating in the C-OFDMA, but not to the second STA not participating in the C-OFDMA. | T45: =COUNTA(_xlfn.TEXTSPLIT(Q45, "|")) -> 7 | U45: =_xlfn.LET( _xlpm.authors, _xlfn.TEXTSPLIT(Q45, "|"), _xlpm.countAuthors, COUNTA(_xlpm.authors), _xlpm.ratio, 1 / _xlpm.countAuthors, _xlpm.ratio ) -> 0.14285714 | V45: =300*표1[[#This Row],[열1]] -> 42.857143
A46: 45 | B46: US | C46: SIGNALING FOR MULTI-LINK TRANSMISSION | D46: A1 | E46: 17791867 | F46: 2021.01.08 | G46: 20230164859 | H46: 2023.05.25 | K46: 20230164859 | L46: PCT/KR2021/000273 | M46: 20210108 | P46: LG ELECTRONICS INC.|LG ELECTRONICS INC. | Q46: Insun JANG|Jeongki KIM|Jinsoo CHOI|Suhwook KIM|Namyeong KIM|Sungjin PARK|Taewon SONG | S46: In a wireless local area network system, a multi-link device (MLD) may transmit a multi-link element including a number-of-links field and a link present field indicating whether the number-of-links field exists. The multi-link element further includes a multi-link control field, a common information field, and a link information field. The number-of-links field may be included in the multi-link control field. | T46: =COUNTA(_xlfn.TEXTSPLIT(Q46, "|")) -> 7 | U46: =_xlfn.LET( _xlpm.authors, _xlfn.TEXTSPLIT(Q46, "|"), _xlpm.countAuthors, COUNTA(_xlpm.authors), _xlpm.ratio, 1 / _xlpm.countAuthors, _xlpm.ratio ) -> 0.14285714 | V46: =300*표1[[#This Row],[열1]] -> 42.857143
A47: 46 | B47: US | C47: TECHNIQUE FOR PERFORMING MULTI-LINK COMMUNICATION IN WIRELESS COMMUNICATION SYSTEM | D47: A1 | E47: 17800107 | F47: 2021.02.18 | G47: 20240237098 | H47: 2024.07.11 | K47: 20240237098 | L47: PCT/KR2021/002078 | M47: 20210218 | P47: LG ELECTRONICS INC. | Q47: Namyeong Kim|Jeongki Kim|Jinsoo Choi|Sungjin Park|Taewon Song|Insun Jang | S47: According to various embodiments, a multi-link device (MLD) operating in a plurality of links may transmit a first request frame for requesting information on the plurality of links. The multi-link device may receive a first response frame on the basis of the first request frame. The first response frame may include information on a ratio of stations (STAs) using a first link as an anchor link, and information on a ratio of STAs using a second link as an anchor link. | T47: =COUNTA(_xlfn.TEXTSPLIT(Q47, "|")) -> 6 | U47: =_xlfn.LET( _xlpm.authors, _xlfn.TEXTSPLIT(Q47, "|"), _xlpm.countAuthors, COUNTA(_xlpm.authors), _xlpm.ratio, 1 / _xlpm.countAuthors, _xlpm.ratio ) -> 0.16666667 | V47: =300*표1[[#This Row],[열1]] -> 50
A48: 47 | B48: US | C48: METHOD FOR PERFORMING MULTI-LINK COMMUNICATION IN WIRELESS COMMUNICATION SYSTEM | D48: A1 | E48: 17908794 | F48: 2021.03.04 | G48: 20230103810 | H48: 2023.04.06 | K48: 20230103810 | L48: PCT/KR2021/002686 | M48: 20210304 | P48: LG ELECTRONICS INC. | Q48: Namyeong Kim|Jeongki Kim|Jinsoo Choi|Sungjin Park|Taewon Song|Insun Jang | S48: According to various embodiments, a multi-link device (MLD) operating in a plurality of links including a first link can transmit a request frame to a first AP of an AP MLD through a first STA (station), wherein the request frame includes an information field for requesting every element included in an element set designated for a second link. The MLD can, on the basis of the request frame, receive every element included in the element set designated for the second link. | T48: =COUNTA(_xlfn.TEXTSPLIT(Q48, "|")) -> 6 | U48: =_xlfn.LET( _xlpm.authors, _xlfn.TEXTSPLIT(Q48, "|"), _xlpm.countAuthors, COUNTA(_xlpm.authors), _xlpm.ratio, 1 / _xlpm.countAuthors, _xlpm.ratio ) -> 0.16666667 | V48: =300*표1[[#This Row],[열1]] -> 50
A49: 48 | B49: US | C49: MULTI-LINK RTS AND CTS TRANSMISSIONS | D49: A1 | E49: 18887868 | F49: 2024.09.17 | G49: 20250016831 | H49: 2025.01.09 | K49: 20250016831 | P49: LG ELECTRONICS INC. | Q49: Insun JANG|Jeongki KIM|Jinsoo CHOI|Namyeong KIM|Suhwook KIM|Sungjin PARK|Taewon SONG | S49: In a wireless local area network system. a reception multi-link device (MLD) may not transmit a CTS frame, even if the reception multi-link device receives an RTS frame via a second link, in the case that an STA operating via a first link is a TXOP responder. | T49: =COUNTA(_xlfn.TEXTSPLIT(Q49, "|")) -> 7 | U49: =_xlfn.LET( _xlpm.authors, _xlfn.TEXTSPLIT(Q49, "|"), _xlpm.countAuthors, COUNTA(_xlpm.authors), _xlpm.ratio, 1 / _xlpm.countAuthors, _xlpm.ratio ) -> 0.14285714 | V49: =300*표1[[#This Row],[열1]] -> 42.857143
A50: 49 | B50: US | C50: CHANNEL ACCESS IN MULTI-LINK | D50: A1 | E50: 18761869 | F50: 2024.07.02 | G50: 20240357640 | H50: 2024.10.24 | K50: 20240357640 | P50: LG ELECTRONICS INC.|LG ELECTRONICS INC. | Q50: Insun JANG|Jeongki KIM|Jinsoo CHOI|Suhwook KIM|Namyeong KIM|Sungjin PARK|Taewon SONG | S50: A method for a non-simultaneous transmit and receive (non-STR) device in a wireless local area network (LAN) is provided. The non-STR device may support a multi-link communication related to a first link and a second link. The non-STR device may determine whether to transmit a first physical protocol data unit (PPDU), PPDU, based on a channel access result on the first link and a channel access result on the second link. The non-STR device determines not to transmit the first PPDU through the first link and keeps the back-off counter of the first link at zero (0) when a back-off counter of the first link reaches zero (0) and a back-off counter of the second link does not reach zero (0). | T50: =COUNTA(_xlfn.TEXTSPLIT(Q50, "|")) -> 7 | U50: =_xlfn.LET( _xlpm.authors, _xlfn.TEXTSPLIT(Q50, "|"), _xlpm.countAuthors, COUNTA(_xlpm.authors), _xlpm.ratio, 1 / _xlpm.countAuthors, _xlpm.ratio ) -> 0.14285714 | V50: =300*표1[[#This Row],[열1]] -> 42.857143
A51: 50 | B51: US | C51: TECHNIQUE FOR PERFORMING MULTI-LINK COMMUNICATION IN WIRELESS COMMUNICATION SYSTEM | D51: A1 | E51: 17905755 | F51: 2021.03.11 | G51: 20230115361 | H51: 2023.04.13 | K51: 20230115361 | L51: PCT/KR2021/003035 | M51: 20210311 | P51: LG ELECTRONICS INC.|LG ELECTRONICS INC. | Q51: Namyeong KIM|Jeongki KIM|Jinsoo CHOI|Sungjin PARK|Taewon SONG|Insun JANG | S51: According to various embodiments, a multi-link device operating in a plurality of links can transmit, via a first link, a request frame for changing the first link from among the plurality of links to a second link not included in the plurality of links. The multi-link device can receive a response frame via the first link on the basis of the request frame. The multi-link device can change the first link to the second link on the basis of the response frame. | T51: =COUNTA(_xlfn.TEXTSPLIT(Q51, "|")) -> 6 | U51: =_xlfn.LET( _xlpm.authors, _xlfn.TEXTSPLIT(Q51, "|"), _xlpm.countAuthors, COUNTA(_xlpm.authors), _xlpm.ratio, 1 / _xlpm.countAuthors, _xlpm.ratio ) -> 0.16666667 | V51: =300*표1[[#This Row],[열1]] -> 50
A52: 51 | B52: US | C52: TECHNIQUE FOR PERFORMING MULTI-LINK COMMUNICATION IN WIRELESS COMMUNICATION SYSTEM | D52: A1 | E52: 17915825 | F52: 2021.04.02 | G52: 20230156606 | H52: 2023.05.18 | K52: 20230156606 | L52: PCT/KR2021/004143 | M52: 20210402 | P52: LG ELECTRONICS INC. | Q52: Namyeong KIM|Jeongki KIM|Jinsoo CHOI|Sungjin PARK|Taewon SONG|Insun JANG | S52: According to various embodiments, a multi-link device (MLD) comprising a first STA and a second STA may perform the steps of: receiving, from an access point (AP) via the first STA operating in a first link, network allocation vector (NAV) time information about the second STA operating in a second link, wherein, when the NAV time information about the second STA is received, the second STA operates in a doze state; identifying that the state of the second STA is changed from the doze state to an awake state; and setting an NAV time for the second STA, on the basis of the NAV time information about the second STA. | T52: =COUNTA(_xlfn.TEXTSPLIT(Q52, "|")) -> 6 | U52: =_xlfn.LET( _xlpm.authors, _xlfn.TEXTSPLIT(Q52, "|"), _xlpm.countAuthors, COUNTA(_xlpm.authors), _xlpm.ratio, 1 / _xlpm.countAuthors, _xlpm.ratio ) -> 0.16666667 | V52: =300*표1[[#This Row],[열1]] -> 50
A53: 52 | B53: US | C53: TECHNIQUE FOR PERFORMING MULTI-LINK COMMUNICATION IN WIRELESS COMMUNICATION SYSTEM | D53: A1 | E53: 17758378 | F53: 2021.01.11 | G53: 20230146451 | H53: 2023.05.11 | K53: 20230146451 | L53: PCT/KR2021/000315 | M53: 20210111 | P53: LG ELECTRONICS INC.|LG ELECTRONICS INC. | Q53: Namyeong KIM|Jeongki KIM|Jinsoo CHOI|Suhwook KIM|Sungjin PARK|Taewon SONG|Insun JANG | S53: According to various embodiments, a multi-link device including a first STA and a second STA may receive a first PPDU by means of the first STA. The PPDU may include information about traffic buffered in the second STA operating in a second link. In response to the first PPDU, the multi-link device may change the second STA from a doze state to an awake state, and transmit information about the state of the second STA by means of the second STA. | T53: =COUNTA(_xlfn.TEXTSPLIT(Q53, "|")) -> 7 | U53: =_xlfn.LET( _xlpm.authors, _xlfn.TEXTSPLIT(Q53, "|"), _xlpm.countAuthors, COUNTA(_xlpm.authors), _xlpm.ratio, 1 / _xlpm.countAuthors, _xlpm.ratio ) -> 0.14285714 | V53: =300*표1[[#This Row],[열1]] -> 42.857143
A54: 53 | B54: US | C54: TRANSMISSION OF CAPABILITY INFORMATION ABOUT LINK | D54: A1 | E54: 18604315 | F54: 2024.03.13 | G54: 20240224124 | H54: 2024.07.04 | K54: 20240224124 | P54: LG ELECTRONICS INC. | Q54: Insun Jang|Jeongki Kim|Jinsoo Choi|Namyeong Kim|Suhwook Kim|Sungjin Park|Taewon Song | S54: The present disclosure relates to a method performed by a non-access point (AP) station (STA) multi-link device (MLD) of a wireless LAN system, the method comprising the steps of: transmitting, through a first link, a negotiation frame including first maximum number of spatial stream (NSS) information to an AP MLD; and receiving a negotiation response frame from the AP MLD through the first link. | T54: =COUNTA(_xlfn.TEXTSPLIT(Q54, "|")) -> 7 | U54: =_xlfn.LET( _xlpm.authors, _xlfn.TEXTSPLIT(Q54, "|"), _xlpm.countAuthors, COUNTA(_xlpm.authors), _xlpm.ratio, 1 / _xlpm.countAuthors, _xlpm.ratio ) -> 0.14285714 | V54: =300*표1[[#This Row],[열1]] -> 42.857143
A55: 54 | B55: US | C55: MULTI-LINK ERROR RECOVERY | D55: A1 | E55: 17916987 | F55: 2021.03.18 | G55: 20230164840 | H55: 2023.05.25 | K55: 20230164840 | L55: PCT/KR2021/003344 | M55: 20210318 | P55: LG ELECTRONICS INC.|LG ELECTRONICS INC. | Q55: Insun JANG|Jeongki KIM|Jinsoo CHOI|Namyeong KIM|Sungjin PARK|Taewon SONG | S55: The present disclosure proposes a transmitting multi-link device (MLD) including a first station (STA) operating on a first link and a second STA operating on a second link. The transmitting MLD acquires a first transmission opportunity (TXOP) in the first link and transmits a first physical protocol data unit (PPDU) in the first link. The transmitting MLD receives a block acknowledgment (BA) frame for the first PPDU in the first link and transmits a second PPDU in the first link. The transmitting MLD changes a responder of the first TXOP based on not receiving, from the receiving MLD, a BA frame for the second PPDU within a preconfigured time interval in the first link. | T55: =COUNTA(_xlfn.TEXTSPLIT(Q55, "|")) -> 6 | U55: =_xlfn.LET( _xlpm.authors, _xlfn.TEXTSPLIT(Q55, "|"), _xlpm.countAuthors, COUNTA(_xlpm.authors), _xlpm.ratio, 1 / _xlpm.countAuthors, _xlpm.ratio ) -> 0.16666667 | V55: =300*표1[[#This Row],[열1]] -> 50
A56: 55 | B56: US | C56: LINK DEACTIVATION IN MULTI-LINK | D56: A1 | E56: 17755291 | F56: 2020.10.28 | G56: 20220377839 | H56: 2022.11.24 | K56: 20220377839 | L56: PCT/KR2020/014772 | M56: 20201028 | P56: LG ELECTRONICS INC.|LG ELECTRONICS INC. | Q56: Insun JANG|Jeongki KIM|Jinsoo CHOI|Suhwook KIM|Sungjin PARK|Taewon SONG | S56: In a Wireless Local Area Network system, a reception device can receive information about link deactivation, and deactivate a link. The proposed method includes receiving a physical protocol data unit (PPDU) including a first control field in a first link. In the method, the first control field may include information related to disablement of the first link and information on a time point at which the first link is disabled. The proposed method further includes disabling the first link based on the first control field. | T56: =COUNTA(_xlfn.TEXTSPLIT(Q56, "|")) -> 6 | U56: =_xlfn.LET( _xlpm.authors, _xlfn.TEXTSPLIT(Q56, "|"), _xlpm.countAuthors, COUNTA(_xlpm.authors), _xlpm.ratio, 1 / _xlpm.countAuthors, _xlpm.ratio ) -> 0.16666667 | V56: =300*표1[[#This Row],[열1]] -> 50
A57: 56 | B57: US | C57: TDMA TRANSMISSION IN MULTI-AP ENVIRONMENT | D57: A1 | E57: 17916971 | F57: 2021.01.08 | G57: 20230164695 | H57: 2023.05.25 | K57: 20230164695 | L57: PCT/KR2021/000266 | M57: 20210108 | P57: LG ELECTRONICS INC. | Q57: Sungjin PARK|Jeongki KIM|Jinsoo CHOI|Namyeong KIM|Taewon SONG|Insun JANG | S57: In a wireless local area network (wireless LAN) system, a sharing AP may allocate a time interval in which each AP performs transmission/reception. STAs belonging to a BSS of each AP may operate in a power saving mode in time intervals not allocated to the BSS of the STAs. | T57: =COUNTA(_xlfn.TEXTSPLIT(Q57, "|")) -> 6 | U57: =_xlfn.LET( _xlpm.authors, _xlfn.TEXTSPLIT(Q57, "|"), _xlpm.countAuthors, COUNTA(_xlpm.authors), _xlpm.ratio, 1 / _xlpm.countAuthors, _xlpm.ratio ) -> 0.16666667 | V57: =300*표1[[#This Row],[열1]] -> 50
A58: 57 | B58: US | C58: TECHNIQUE FOR PERFORMING MULTI-LINK COMMUNICATION IN WIRELESS COMMUNICATION SYSTEM | D58: A1 | E58: 17782141 | F58: 2020.12.02 | G58: 20230036253 | H58: 2023.02.02 | K58: 20230036253 | L58: PCT/KR2020/017458 | M58: 20201202 | P58: LG ELECTRONICS INC.|LG ELECTRONICS INC. | Q58: Namyeong KIM|Jeongki KIM|Jinsoo CHOI|Suhwook KIM|Sungjin PARK|Taewon SONG|Insun JANG | S58: According to various embodiments, a multi-link device including a first STA and a second STA may receive, via the first STA, at least one PPDU within a transmission opportunity (TXOP) configured in a first link. While the at least one PPDU is received, the state of the second STA may be set to a doze state. The multi-link device may receive, via the first STA, a first control frame for the truncation of the TXOP. The multi-link device may change the state of the second STA from the doze state to an awake state on the basis of the first control frame. | T58: =COUNTA(_xlfn.TEXTSPLIT(Q58, "|")) -> 7 | U58: =_xlfn.LET( _xlpm.authors, _xlfn.TEXTSPLIT(Q58, "|"), _xlpm.countAuthors, COUNTA(_xlpm.authors), _xlpm.ratio, 1 / _xlpm.countAuthors, _xlpm.ratio ) -> 0.14285714 | V58: =300*표1[[#This Row],[열1]] -> 42.857143
A59: 58 | B59: US | C59: MULTI-LINK AGGREGATION | D59: A1 | E59: 17796223 | F59: 2021.01.29 | G59: 20230120236 | H59: 2023.04.20 | K59: 20230120236 | L59: PCT/KR2021/001217 | M59: 20210129 | P59: LG ELECTRONICS INC. | Q59: Insun JANG|Jeongki KIM|Jinsoo CHOI|Suhwook KIM|Namyeong KIM|Sungjin PARK|Taewon SONG | S59: A multi-link device (MLD) in a wireless local area network (WLAN) system is proposed. The MLD may include an access point (AP) MLD. The AP MLD may receive receiving, from a non-simultaneous transmit and receive (Non-STR) station (STA) MLD, a multilink aggregation request signal through a first link. The multilink aggregation request signal may include first information related to a second link for which aggregation is requested and second information related to a transmission opportunity (TXOP) to be set in the second link. The AP MLD may obtain the TXOP based on the second information in the second link. The AP MLD may transmit, to the Non-STR STA MLD, a first multilink aggregation response signal through the first link and a second multilink aggregation response signal through the second link. | T59: =COUNTA(_xlfn.TEXTSPLIT(Q59, "|")) -> 7 | U59: =_xlfn.LET( _xlpm.authors, _xlfn.TEXTSPLIT(Q59, "|"), _xlpm.countAuthors, COUNTA(_xlpm.authors), _xlpm.ratio, 1 / _xlpm.countAuthors, _xlpm.ratio ) -> 0.14285714 | V59: =300*표1[[#This Row],[열1]] -> 42.857143
A60: 59 | B60: US | C60: TECHNIQUE FOR PERFORMING MULTI-LINK COMMUNICATION IN WIRELESS COMMUNICATION SYSTEM | D60: A1 | E60: 17792118 | F60: 2021.01.11 | G60: 20230062989 | H60: 2023.03.02 | K60: 20230062989 | L60: PCT/KR2021/000316 | M60: 20210111 | P60: LG ELECTRONICS INC.|LG ELECTRONICS INC. | Q60: Namyeong KIM|Jeongki KIM|Jinsoo CHOI|Suhwook KIM|Sungjin PARK|Taewon SONG|Insun JANG | S60: According to various embodiments, a multi-link device (MLD) may transmit, to an access point (AP), a request frame for activating a power saving mechanism (PSM). The multi-link device may receive a response frame for activating the PSM. The multi-link device may activate the PSM in at least one of a first link or the second link on the basis of the response frame. | T60: =COUNTA(_xlfn.TEXTSPLIT(Q60, "|")) -> 7 | U60: =_xlfn.LET( _xlpm.authors, _xlfn.TEXTSPLIT(Q60, "|"), _xlpm.countAuthors, COUNTA(_xlpm.authors), _xlpm.ratio, 1 / _xlpm.countAuthors, _xlpm.ratio ) -> 0.14285714 | V60: =300*표1[[#This Row],[열1]] -> 42.857143
A61: 60 | B61: US | C61: LOAD INFORMATION FOR LOAD BALANCING IN MULTI-LINK | D61: A1 | E61: 17924274 | F61: 2021.05.06 | G61: 20230189071 | H61: 2023.06.15 | K61: 20230189071 | L61: PCT/KR2021/005662 | M61: 20210506 | P61: LG ELECTRONICS INC. | Q61: Namyeong KIM|Jeongki KIM|Jinsoo CHOI|Sungjin PARK|Taewon SONG|Insun JANG | S61: In a wireless local area network (WLAN) system, an access point (AP) multi-link device (MLD) may include a first AP and a second AP, the first AP may operate in a first link, and the second AP may operate in a second link. A station (STA) MLD may receive BSS information related to the first and second links, in which the AP MLD operates, from the AP MLD through the first link. The BSS information may include information related to the number of single radio STAs operating in the first link and the number of single radio STAs operating in the second link. The STA MLD may determine a link, in which the STA MLD is to operate, on the basis of the BSS information. | T61: =COUNTA(_xlfn.TEXTSPLIT(Q61, "|")) -> 6 | U61: =_xlfn.LET( _xlpm.authors, _xlfn.TEXTSPLIT(Q61, "|"), _xlpm.countAuthors, COUNTA(_xlpm.authors), _xlpm.ratio, 1 / _xlpm.countAuthors, _xlpm.ratio ) -> 0.16666667 | V61: =300*표1[[#This Row],[열1]] -> 50
A62: 61 | B62: US | C62: TRANSMISSION OF BUFFER INFORMATION FOR MULTI-LINK OPERATION | D62: A1 | E62: 17928518 | F62: 2021.06.01 | G62: 20230098436 | H62: 2023.03.30 | K62: 20230098436 | L62: PCT/KR2021/006784 | M62: 20210601 | P62: LG ELECTRONICS INC. | Q62: Insun JANG|Jeongki KIM|Jinsoo CHOI|Namyeong KIM|Taewon SONG | S62: An STA MLD can receive traffic indication map (TIM) information from an access point (AP) MLD in a wireless local area network (LAN) system. The TIM information can include a TIM bitmap and a link bitmap. The TIM bitmap includes a bitmap related to whether data to be transmitted by the AP MLD to each receiving MLD is present, and the receiving MLD can include the STA MLD. The link bitmap can include information related to a link of the receiving MLD, in which the data to be transmitted by the AP MLD is present, from among the receiving MLDs. The STA MLD can receive wake-up link information from the AP MLD. The wake-up link information can include information related to a link to be woken up from among links of the STA MLD. | T62: =COUNTA(_xlfn.TEXTSPLIT(Q62, "|")) -> 5 | U62: =_xlfn.LET( _xlpm.authors, _xlfn.TEXTSPLIT(Q62, "|"), _xlpm.countAuthors, COUNTA(_xlpm.authors), _xlpm.ratio, 1 / _xlpm.countAuthors, _xlpm.ratio ) -> 0.2 | V62: =300*표1[[#This Row],[열1]] -> 60
A63: 62 | B63: US | C63: METHOD AND DEVICE FOR OBTAINING CRITICAL UPDATE INFORMATION BETWEEN MLDS IN WIRELESS LAN SYSTEM | D63: A1 | E63: 17927977 | F63: 2021.06.09 | G63: 20230217271 | H63: 2023.07.06 | K63: 20230217271 | L63: PCT/KR2021/007226 | M63: 20210609 | P63: LG Electronics Inc. | Q63: Namyeong KIM|Jeongki KIM|Jinsoo CHOI|Taewon SONG|Insun JANG | S63: Proposed are a method and a device for obtaining critical update information between MLDs in a wireless LAN system. Specifically, a reception MLD transmits a probe request frame to a transmission MLD through a first link. The reception MLD receives a probe response frame from the transmission MLD through the first link. The transmission MLD comprises a first transmission STA operating in the first link and a second transmission STA operating in a second link. The probe request frame comprises a change sequence element which requests critical update information of the second transmission STA. The probe response frame comprises the critical update information of the second transmission STA. | T63: =COUNTA(_xlfn.TEXTSPLIT(Q63, "|")) -> 5 | U63: =_xlfn.LET( _xlpm.authors, _xlfn.TEXTSPLIT(Q63, "|"), _xlpm.countAuthors, COUNTA(_xlpm.authors), _xlpm.ratio, 1 / _xlpm.countAuthors, _xlpm.ratio ) -> 0.2 | V63: =300*표1[[#This Row],[열1]] -> 60
A64: 63 | B64: US | C64: METHOD AND APPARATUS FOR PERFORMING LINK RECONFIGURATION BETWEEN MLDS IN WIRELESS LAN SYSTEM | D64: A1 | E64: 18009693 | F64: 2021.06.04 | G64: 20230224996 | H64: 2023.07.13 | K64: 20230224996 | L64: PCT/KR2021/007037 | M64: 20210604 | P64: LG ELECTRONICS INC.|LG ELECTRONICS INC. | Q64: Namyeong KIM|Jeongki KIM|Jinsoo CHOI|Taewon SONG|Insun JANG | S64: Proposed are a method and apparatus for performing, by reception MLD, link reconfiguration with transmission MLD, in a wireless LAN system. In detail, the reception MLD transmits a link change request frame to the transmission MLD via a first link. The reception MLD receives a link change response frame from the transmission MLD via the first link. The reception MLD configures a second link with the transmission MLD, on the basis of the link change response frame. The transmission MLD comprises a first transmission STA operating in the first link and a second transmission STA operating in the second link. The reception MLD comprises a first reception STA having a link changed from the first link to the second link. The link change response frame comprises information about the first and second links. The information about the second link is updated. The information about the first link is maintained without being reset or deleted. | T64: =COUNTA(_xlfn.TEXTSPLIT(Q64, "|")) -> 5 | U64: =_xlfn.LET( _xlpm.authors, _xlfn.TEXTSPLIT(Q64, "|"), _xlpm.countAuthors, COUNTA(_xlpm.authors), _xlpm.ratio, 1 / _xlpm.countAuthors, _xlpm.ratio ) -> 0.2 | V64: =300*표1[[#This Row],[열1]] -> 60
A65: 64 | B65: US | C65: REUSE OF SPACE IN MULTI-AP SYSTEM | D65: A1 | E65: 17802907 | F65: 2021.01.04 | G65: 20230093547 | H65: 2023.03.23 | K65: 20230093547 | L65: PCT/KR2021/000007 | M65: 20210104 | P65: LG ELECTRONICS INC.|LG ELECTRONICS INC. | Q65: Sungjin PARK|Jeongki KIM|Jinsoo CHOI|Namyeong KIM|Taewon SONG|Insun JANG | S65: A method performed by a sharing access point (AP) of a wireless local area network (LAN) system may comprise the steps of: transmitting, to a shared AP, a first station (STA) list and a first measurement notification frame which requests measurement of received signal strength indicators (RSSIs) of signals transmitted from first STAs included in the first STA list; transmitting, to each of the first STAs, a request frame which requests information related to transmission power of the signals transmitted by the first STAs; receiving a report frame including the information related to the transmission power from each of the first STAs; transmitting a multi-AP transmission trigger frame to the shared AP; and transmitting data to each of the first STAs. | T65: =COUNTA(_xlfn.TEXTSPLIT(Q65, "|")) -> 6 | U65: =_xlfn.LET( _xlpm.authors, _xlfn.TEXTSPLIT(Q65, "|"), _xlpm.countAuthors, COUNTA(_xlpm.authors), _xlpm.ratio, 1 / _xlpm.countAuthors, _xlpm.ratio ) -> 0.16666667 | V65: =300*표1[[#This Row],[열1]] -> 50
A66: 65 | B66: US | C66: TECHNIQUE FOR PERFORMING MULTI-LINK COMMUNICATION IN WIRELESS COMMUNICATION SYSTEM | D66: A1 | E66: 17798517 | F66: 2021.02.10 | G66: 20230083599 | H66: 2023.03.16 | K66: 20230083599 | L66: PCT/KR2021/001825 | M66: 20210210 | P66: LG ELECTRONICS INC. | Q66: Namyeong KIM|Jeongki KIM|Jinsoo CHOI|Suhwook KIM|Sungjin PARK|Taewon SONG|Insun JANG | S66: According to various embodiments, a multi-link device (MLD) operating in a plurality of links may receive information regarding a plurality of groups into which the plurality of links are classified. The information regarding the plurality of groups may include information regarding IDs allocated to the plurality of groups and information regarding power saving (PS) intervals allocated to the plurality of groups. The multi-link device may change, on the basis of the information regarding the plurality of groups, at least one STA included in the multi-link device to be in a doze state. | T66: =COUNTA(_xlfn.TEXTSPLIT(Q66, "|")) -> 7 | U66: =_xlfn.LET( _xlpm.authors, _xlfn.TEXTSPLIT(Q66, "|"), _xlpm.countAuthors, COUNTA(_xlpm.authors), _xlpm.ratio, 1 / _xlpm.countAuthors, _xlpm.ratio ) -> 0.14285714 | V66: =300*표1[[#This Row],[열1]] -> 42.857143
... A75: 74 | B75: US | C75: MULTI-LINK SETUP IN WIRELESS COMMUNICATION SYSTEM | D75: A1 | E75: 18015270 | F75: 2021.07.07 | G75: 20230262804 | H75: 2023.08.17 | K75: 20230262804 | L75: PCT/KR2021/008661 | M75: 20210707 | P75: LG Electronics Inc. | Q75: Insun JANG|Jeongki KIM|Jinsoo CHOI|Namyeong KIM|Taewon SONG|Sunhee BAEK | S75: In a wireless local area network (WLAN) system, an STA MLD may include a first STA and a second STA, wherein the first STA operates on a first link, and the second STA operates on a second link. The STA MLD may transmit an association request frame to an access point (AP) MLD. The association request frame may include capability information of a requesting STA, which requests to be associated with the AP MLD, among STAs included in the STA MLD and information related to a request link, to with which a request to be associated is transmitted by the requesting STAs. The STA MLD may receive an association response frame from the AP MLD. The association response frame may include capability information of an AP that operates in a link, an association with which is accepted by the AP MLD, among the request links. | T75: =COUNTA(_xlfn.TEXTSPLIT(Q75, "|")) -> 6 | U75: =_xlfn.LET( _xlpm.authors, _xlfn.TEXTSPLIT(Q75, "|"), _xlpm.countAuthors, COUNTA(_xlpm.authors), _xlpm.ratio, 1 / _xlpm.countAuthors, _xlpm.ratio ) -> 0.16666667 | V75: =300*표1[[#This Row],[열1]] -> 50
A76: 75 | B76: US | C76: MULTI-LINK SETUP IN WIRELESS COMMUNICATION SYSTEM | D76: A1 | E76: 18221599 | F76: 2023.07.13 | G76: 20230363030 | H76: 2023.11.09 | K76: 20230363030 | P76: LG Electronics Inc. | Q76: Insun JANG|Jeongki KIM|Jinsoo CHOI|Namyeong KIM|Taewon SONG|Sunhee BAEK | S76: In a wireless local area network (WLAN) system, an STA MLD may include a first STA and a second STA, wherein the first STA operates on a first link, and the second STA operates on a second link. The STA MLD may transmit an association request frame to an access point (AP) MLD. The association request frame may include capability information of a requesting STA, which requests to be associated with the AP MLD, among STAs included in the STA MLD and information related to a request link, to with which a request to be associated is transmitted by the requesting STAs. The STA MLD may receive an association response frame from the AP MLD. The association response frame may include capability information of an AP that operates in a link, an association with which is accepted by the AP MLD, among the request links. | T76: =COUNTA(_xlfn.TEXTSPLIT(Q76, "|")) -> 6 | U76: =_xlfn.LET( _xlpm.authors, _xlfn.TEXTSPLIT(Q76, "|"), _xlpm.countAuthors, COUNTA(_xlpm.authors), _xlpm.ratio, 1 / _xlpm.countAuthors, _xlpm.ratio ) -> 0.16666667 | V76: =300*표1[[#This Row],[열1]] -> 50
A77: 76 | B77: US | C77: MULTI-LINK CHANNEL ACCESS | D77: A1 | E77: 17774839 | F77: 2020.11.04 | G77: 20220394756 | H77: 2022.12.08 | K77: 20220394756 | L77: PCT/KR2020/015340 | M77: 20201104 | P77: LG ELECTRONICS INC.|LG ELECTRONICS INC. | Q77: Insun JANG|Jeongki KIM|Jinsoo CHOI|Suhwook KIM|Namyeong KIM|Sungjin PARK|Taewon SONG | S77: In a wireless local area network (WLAN) system, a transmitting multi-link device (MLD) may defer the transmission of a PPDU on a first link, even if a back-off counter of a non-primary link reaches zero, as long as a back-off counter of a primary link does not reach zero. When the transmission of the PPDU is deferred, the back-off counter may be kept at zero. | T77: =COUNTA(_xlfn.TEXTSPLIT(Q77, "|")) -> 7 | U77: =_xlfn.LET( _xlpm.authors, _xlfn.TEXTSPLIT(Q77, "|"), _xlpm.countAuthors, COUNTA(_xlpm.authors), _xlpm.ratio, 1 / _xlpm.countAuthors, _xlpm.ratio ) -> 0.14285714 | V77: =300*표1[[#This Row],[열1]] -> 42.857143
A78: 77 | B78: US | C78: HARQ OPERATIONS AT PHY LAYER LEVEL | D78: A1 | E78: 17762665 | F78: 2020.08.26 | G78: 20220416983 | H78: 2022.12.29 | K78: 20220416983 | L78: PCT/KR2020/011417 | M78: 20200826 | P78: LG ELECTRONICS INC. | Q78: Taewon Song|Jeongki Kim|Jinsoo Choi|Suhwook Kim|Jinmin Kim|Sungjin Park|Insun Jang | S78: An AP and a STA can perform a PHY-level HARQ operation in a wireless local area network system, and the AP can transmit resource allocation information about a PHY-level feedback frame to be transmitted by a plurality of STAs. The AP can receive a plurality of HARQ feedback frames from a plurality of STAs. The plurality of HARQ feedback frames are PHY layer signals. The resource allocation information can include information related to a tone set and a symbol from which transmission of the plurality of HARQ feedback frames are started. | T78: =COUNTA(_xlfn.TEXTSPLIT(Q78, "|")) -> 7 | U78: =_xlfn.LET( _xlpm.authors, _xlfn.TEXTSPLIT(Q78, "|"), _xlpm.countAuthors, COUNTA(_xlpm.authors), _xlpm.ratio, 1 / _xlpm.countAuthors, _xlpm.ratio ) -> 0.14285714 | V78: =300*표1[[#This Row],[열1]] -> 42.857143
A79: 78 | B79: US | C79: ACK TRANSMISSION USING MULTI-LINK | D79: A1 | E79: 17595340 | F79: 2020.05.21 | G79: 20220312521 | H79: 2022.09.29 | K79: 20220312521 | L79: PCT/KR2020/006618 | M79: 20200521 | P79: LG ELECTRONICS INC.|LG ELECTRONICS INC. | Q79: Taewon SONG|Suhwook KIM|Jeongki KIM|Kiseon RYU|Insun JANG|Jinsoo CHOI | S79: In a wireless local area network, a reception station (STA) may receive, from a transmission STA, a first signal via a first link and a second signal via a second link. The reception STA may transmit, to the transmission STA via the second link, a response signal associated with whether the first and second signals are to be received. The response signal may include a first field associated with the feature of the response signal including responses with respect to whether a plurality of signals transmitted via a plurality of links are to be received. | T79: =COUNTA(_xlfn.TEXTSPLIT(Q79, "|")) -> 6 | U79: =_xlfn.LET( _xlpm.authors, _xlfn.TEXTSPLIT(Q79, "|"), _xlpm.countAuthors, COUNTA(_xlpm.authors), _xlpm.ratio, 1 / _xlpm.countAuthors, _xlpm.ratio ) -> 0.16666667 | V79: =300*표1[[#This Row],[열1]] -> 50
A80: 79 | B80: US | C80: DYNAMIC CONFIGURATION OF MULTI-LINK FUNCTION IN WIRELESS LAN SYSTEM | D80: A1 | E80: 18013120 | F80: 2021.06.29 | G80: 20230254802 | H80: 2023.08.10 | K80: 20230254802 | L80: PCT/KR2021/008181 | M80: 20210629 | P80: LG Electronics Inc. | Q80: Namyeong KIM|Jeongki KIM|Jinsoo CHOI|Taewon SONG|Insun JANG | S80: In a wireless local area network (LAN) system, a transmission MLD may comprise a first station (STA) and a second station (STA), wherein the first STA operates in a first link, and the second STA operates in a second link. The transmission MLD may transmit a connection request frame to a reception MLD. The connection request frame may comprise capability information related to whether a restricted basic service set (BSS) mode is supported and information related to use of the restricted BSS mode. The information related to the use of the restricted BSS mode may comprise first information related to an STA which operates in the restricted BSS mode, among STAs included in the transmission MLD. The restricted BSS mode may mean a mode in which monitoring for signal reception is performed on the basis of acquisition of information, from an STA not operating in the restricted BSS mode, by the STA operating in the restricted BSS, the information indicating reception of a signal. The transmission MLD may receive a connection response frame from the reception MLD. | T80: =COUNTA(_xlfn.TEXTSPLIT(Q80, "|")) -> 5 | U80: =_xlfn.LET( _xlpm.authors, _xlfn.TEXTSPLIT(Q80, "|"), _xlpm.countAuthors, COUNTA(_xlpm.authors), _xlpm.ratio, 1 / _xlpm.countAuthors, _xlpm.ratio ) -> 0.2 | V80: =300*표1[[#This Row],[열1]] -> 60
A81: 80 | B81: US | C81: DYNAMIC CONFIGURATION OF MULTILINK FUNCTION IN WIRELESS LAN SYSTEM | D81: A1 | E81: 18016073 | F81: 2021.07.14 | G81: 20230337293 | H81: 2023.10.19 | K81: 20230337293 | L81: PCT/KR2021/009038 | M81: 20210714 | P81: LG Electronics Inc. | Q81: Namyeong KIM|Jeongki KIM|Jinsoo CHOI|Taewon SONG|Insun JANG | S81: In a wireless local area network (LAN) system, a station (STA) can receive, from an access point (AP), a physical protocol data unit (PPDU) including basic service set (BSS) load information. The BSS load information can include information related to the number of STAs associated with a BSS of the AP and the number of enabled STAs from among the STAs associated with the BSS of the AP. The STAs can decode the PPDU. The STAs associated with the BSS of the AP can include enabled STAs and disabled STAs. The disabled STAs can include STAs operating in links to which no traffic identifier (TID) is mapped. Links in which the enabled STAs operate can include links to which at least one traffic identifier (TID) is mapped. | T81: =COUNTA(_xlfn.TEXTSPLIT(Q81, "|")) -> 5 | U81: =_xlfn.LET( _xlpm.authors, _xlfn.TEXTSPLIT(Q81, "|"), _xlpm.countAuthors, COUNTA(_xlpm.authors), _xlpm.ratio, 1 / _xlpm.countAuthors, _xlpm.ratio ) -> 0.2 | V81: =300*표1[[#This Row],[열1]] -> 60
A82: 81 | B82: US | C82: MULTI-LINK OPERATION MODE | D82: A1 | E82: 18243610 | F82: 2023.09.07 | G82: 20230422328 | H82: 2023.12.28 | K82: 20230422328 | P82: LG ELECTRONICS INC. | Q82: Insun JANG|Jeongki KIM|Jinsoo CHOI|Suhwook KIM|Sungjin PARK|Taewon SONG | S82: In a wireless local area network (WLAN) system, a station (STA) may support a multi-link. The STA may generate a PDDU including operation mode information on whether transmission of a signal and reception of a signal can be performed simultaneously. The STA may transmit the PPDU. | T82: =COUNTA(_xlfn.TEXTSPLIT(Q82, "|")) -> 6 | U82: =_xlfn.LET( _xlpm.authors, _xlfn.TEXTSPLIT(Q82, "|"), _xlpm.countAuthors, COUNTA(_xlpm.authors), _xlpm.ratio, 1 / _xlpm.countAuthors, _xlpm.ratio ) -> 0.16666667 | V82: =300*표1[[#This Row],[열1]] -> 50
A83: 82 | B83: US | C83: POWER SAVING IN NSTR ENVIRONMENT | D83: A1 | E83: 17928231 | F83: 2021.05.11 | G83: 20230224814 | H83: 2023.07.13 | K83: 20230224814 | L83: PCT/KR2021/005885 | M83: 20210511 | P83: LG ELECTRONICS INC. | Q83: Namyeong KIM|Jeongki KIM|Jinsoo CHOI|Sungjin PARK|Taewon SONG|Insun JANG | S83: In a wireless local area network system, a transmission MLD may comprise a first station (STA) and a second STA, wherein the first STA operates on a first link and the second STA operates on a second link. The transmission MLD may transmit, to a reception MLD, capability information regarding whether power saving is supported. The power saving may be performed by one method among first to third power saving methods. The transmission MLD may transmit, to the reception MLD, a control frame comprising method information regarding which method among the first to third power saving methods is to be used. | T83: =COUNTA(_xlfn.TEXTSPLIT(Q83, "|")) -> 6 | U83: =_xlfn.LET( _xlpm.authors, _xlfn.TEXTSPLIT(Q83, "|"), _xlpm.countAuthors, COUNTA(_xlpm.authors), _xlpm.ratio, 1 / _xlpm.countAuthors, _xlpm.ratio ) -> 0.16666667 | V83: =300*표1[[#This Row],[열1]] -> 50
A84: 83 | B84: US | C84: TECHNIQUE FOR PERFORMING MULTI-LINK COMMUNICATION IN WIRELESS COMMUNICATION SYSTEM | D84: A1 | E84: 17913641 | F84: 2021.03.25 | G84: 20230156578 | H84: 2023.05.18 | K84: 20230156578 | L84: PCT/KR2021/003704 | M84: 20210325 | P84: LG ELECTRONICS INC. | Q84: Namyeong Kim|Jeongki Kim|Jinsoo Choi|Sungjin Park|Taewon Song|Insun Jang | S84: According to various embodiments, a multi-link device (MLD) operating on a plurality of links may perform the steps of: determining a condition for transmitting second link-associated information via a first link among the plurality of links; determining whether or not the second link-associated information has changed; and on the basis of the second link-associated information being changed, transmitting the changed second link-associated information via the first link. | T84: =COUNTA(_xlfn.TEXTSPLIT(Q84, "|")) -> 6 | U84: =_xlfn.LET( _xlpm.authors, _xlfn.TEXTSPLIT(Q84, "|"), _xlpm.countAuthors, COUNTA(_xlpm.authors), _xlpm.ratio, 1 / _xlpm.countAuthors, _xlpm.ratio ) -> 0.16666667 | V84: =300*표1[[#This Row],[열1]] -> 50
A85: 84 | B85: US | C85: MULTI-LINK EDCA INFORMATION SHARING | D85: A1 | E85: 17798545 | F85: 2021.02.08 | G85: 20230128479 | H85: 2023.04.27 | K85: 20230128479 | L85: PCT/KR2021/001616 | M85: 20210208 | P85: LG ELECTRONICS INC.|LG ELECTRONICS INC. | Q85: Insun JANG|Jeongki KIM|Jinsoo CHOI|Suhwook KIM|Namyeong KIM|Sungjin PARK|Taewon SONG | S85: In a wireless local area network (WLAN) system, an AP multi-link device (MLD) may estimate an uplink transmission time of a non-simultaneous transmit and receive (STR) station (STA) MLD, and on the basis of the time estimation, uplink transmission and downlink transmission in links of the non-STR STA MLD may not overlap. | T85: =COUNTA(_xlfn.TEXTSPLIT(Q85, "|")) -> 7 | U85: =_xlfn.LET( _xlpm.authors, _xlfn.TEXTSPLIT(Q85, "|"), _xlpm.countAuthors, COUNTA(_xlpm.authors), _xlpm.ratio, 1 / _xlpm.countAuthors, _xlpm.ratio ) -> 0.14285714 | V85: =300*표1[[#This Row],[열1]] -> 42.857143
A86: 85 | B86: US | C86: TRANSMISSION POWER IN MULTI-AP TRANSMISSION USING SPACE REUSE | D86: A1 | E86: 17908092 | F86: 2021.01.07 | G86: 20230105964 | H86: 2023.04.06 | K86: 20230105964 | L86: PCT/KR2021/000194 | M86: 20210107 | P86: LG ELECTRONICS INC. | Q86: Sungjin Park|Jeongki Kim|Jinsoo Choi|Namyeong Kim|Taewon Song|Insun Jang | S86: In a wireless local area network (LAN) system, a shared AP may determine PPDU transmission power to be transmitted to an STA on the basis of an ARIL of the STA, transmission power of a signal transmitted to the STA by a sharing AP, and an RSSI of a signal received from the sharing AP by the STA. | T86: =COUNTA(_xlfn.TEXTSPLIT(Q86, "|")) -> 6 | U86: =_xlfn.LET( _xlpm.authors, _xlfn.TEXTSPLIT(Q86, "|"), _xlpm.countAuthors, COUNTA(_xlpm.authors), _xlpm.ratio, 1 / _xlpm.countAuthors, _xlpm.ratio ) -> 0.16666667 | V86: =300*표1[[#This Row],[열1]] -> 50
A87: 86 | B87: US | C87: MULTI-LINK RTS AND CTS TRANSMISSIONS | D87: A1 | E87: 17800174 | F87: 2020.12.18 | G87: 20230073114 | H87: 2023.03.09 | K87: 20230073114 | L87: PCT/KR2020/018689 | M87: 20201218 | P87: LG ELECTRONICS INC. | Q87: Insun Jang|Jeongki Kim|Jinsoo Choi|Namyeong Kim|Suhwook Kim|Sungjin Park|Taewon Song | S87: In a wireless local area network system, a reception multi-link device (MLD) may not transmit a CTS frame, even if the reception multi-link device receives an RTS frame via a second link, in the case that an STA operating via a first link is a TXOP responder. | T87: =COUNTA(_xlfn.TEXTSPLIT(Q87, "|")) -> 7 | U87: =_xlfn.LET( _xlpm.authors, _xlfn.TEXTSPLIT(Q87, "|"), _xlpm.countAuthors, COUNTA(_xlpm.authors), _xlpm.ratio, 1 / _xlpm.countAuthors, _xlpm.ratio ) -> 0.14285714 | V87: =300*표1[[#This Row],[열1]] -> 42.857143
A88: 87 | B88: US | C88: ACQUISITION OF IMPORTANT INFORMATION IN POWER-SAVING MODE | D88: A1 | E88: 18018457 | F88: 2021.07.22 | G88: 20230354187 | H88: 2023.11.02 | K88: 20230354187 | L88: PCT/KR2021/009467 | M88: 20210722 | P88: LG Electronics Inc. | Q88: Namyeong KIM|Jeongki KIM|Jinsoo CHOI|Taewon SONG|Insun JANG | S88: In a Wireless Local Area Network system, an STA MLD may include a first STA and a second STA, and an access point (AP) MLD may include a first AP and a second AP. The first STA and the first AP operate over a first link, the second STA and the second AP operate over a second link, and the second STA may be in a doze state. The first STA may receive, through the first link, a notice frame including information related to a critical update that has occurred in the second AP. The second STA may acquire, from the first STA, information related to the critical update. The notice frame may include a management frame. | T88: =COUNTA(_xlfn.TEXTSPLIT(Q88, "|")) -> 5 | U88: =_xlfn.LET( _xlpm.authors, _xlfn.TEXTSPLIT(Q88, "|"), _xlpm.countAuthors, COUNTA(_xlpm.authors), _xlpm.ratio, 1 / _xlpm.countAuthors, _xlpm.ratio ) -> 0.2 | V88: =300*표1[[#This Row],[열1]] -> 60
A89: 88 | B89: US | C89: DATA SHARING IN MULTI-AP SYSTEM | D89: A1 | E89: 17640795 | F89: 2020.08.06 | G89: 20220346062 | H89: 2022.10.27 | K89: 20220346062 | L89: PCT/KR2020/010383 | M89: 20200806 | P89: LG ELECTRONICS INC.|LG ELECTRONICS INC. | Q89: Sungjin PARK|Jeongki KIM|Jinsoo CHOI|Suhwook KIM|Taewon SONG|Insun JANG | S89: In a wireless local area network system, a shared AP may receive an announcement frame and a data frame from a sharing AP for multi-AP transmission. In the present disclosure, the announcement frame may be transmitted in a broadcasting scheme. The data field of the announcement frame may include an identifier (ID) of the shared AP. The shared AP may receive a data frame from the sharing AP. In the present disclosure, a receiver address (RA) field of the data frame may include an address of the sharing AP. The shared AP may decode the data frame based on the address of the sharing AP included in the RA field of the data frame. | T89: =COUNTA(_xlfn.TEXTSPLIT(Q89, "|")) -> 6 | U89: =_xlfn.LET( _xlpm.authors, _xlfn.TEXTSPLIT(Q89, "|"), _xlpm.countAuthors, COUNTA(_xlpm.authors), _xlpm.ratio, 1 / _xlpm.countAuthors, _xlpm.ratio ) -> 0.16666667 | V89: =300*표1[[#This Row],[열1]] -> 50
A90: 89 | B90: US | C90: HARQ OPERATION AT PHY LAYER LEVEL | D90: A1 | E90: 17753204 | F90: 2020.08.19 | G90: 20220286228 | H90: 2022.09.08 | K90: 20220286228 | L90: PCT/KR2020/011048 | M90: 20200819 | P90: LG ELECTRONICS INC.|LG ELECTRONICS INC. | Q90: Taewon SONG|Jeongki KIM|Jinsoo CHOI|Suhwook KIM|Jinmin KIM|Sungjin PARK|Insun JANG | S90: The present invention relates to a method for an HARQ operation at a PHY layer level in a wireless LAN system or an apparatus for performing same. The method is characterized in receiving, from a transmission STA, a PPDU including a receiver ID which is a PHY layer signal, performing an error check on the PPDU, on the basis of the error check, transmitting an HARQ feedback frame which is a PHY layer signal, and receiving a retransmission PPDU. | T90: =COUNTA(_xlfn.TEXTSPLIT(Q90, "|")) -> 7 | U90: =_xlfn.LET( _xlpm.authors, _xlfn.TEXTSPLIT(Q90, "|"), _xlpm.countAuthors, COUNTA(_xlpm.authors), _xlpm.ratio, 1 / _xlpm.countAuthors, _xlpm.ratio ) -> 0.14285714 | V90: =300*표1[[#This Row],[열1]] -> 42.857143
A91: 90 | B91: US | C91: RESUMPTION OF PHY-LEVEL HARQ OPERATION | D91: A1 | E91: 17634196 | F91: 2020.07.28 | G91: 20220294564 | H91: 2022.09.15 | K91: 20220294564 | L91: PCT/KR2020/009936 | M91: 20200728 | P91: LG ELECTRONICS INC. | Q91: Taewon Song|Jeongki Kim|Jinsoo Choi|Suhwook Kim|Jinmin Kim|Sungjin Park|Insun Jang | S91: The present specification proposes a method for resuming a PHY-level HARQ operation in a wireless local area network (WLAN) system. The method may include transmitting a resume signal including information related to resumption of hybrid automatic repeat request (HARQ) retransmission. The method may include transmitting a physical protocol data unit (PPDU) after transmitting the resume signal. The PPDU and the resume signal may be transmitted in different transmission opportunities (TXOPs). | T91: =COUNTA(_xlfn.TEXTSPLIT(Q91, "|")) -> 7 | U91: =_xlfn.LET( _xlpm.authors, _xlfn.TEXTSPLIT(Q91, "|"), _xlpm.countAuthors, COUNTA(_xlpm.authors), _xlpm.ratio, 1 / _xlpm.countAuthors, _xlpm.ratio ) -> 0.14285714 | V91: =300*표1[[#This Row],[열1]] -> 42.857143
A92: 91 | B92: US | C92: SHARED AP SELECTION IN MULTI-AP SYSTEM | D92: A1 | E92: 17754746 | F92: 2020.09.09 | G92: 20230328622 | H92: 2023.10.12 | K92: 20230328622 | L92: PCT/KR2020/012138 | M92: 20200909 | P92: LG ELECTRONICS INC.|LG ELECTRONICS INC. | Q92: Sungjin PARK|Jeongki KIM|Jinsoo CHOI|Suhwook KIM|Taewon SONG|Insun JANG | S92: In a wireless local area network (LAN) system, a sharing access point (AP): receives, from a first AP, basic service set (BSS) information of the first AP; receives, from a second AP, BSS information of the second AP; receives, from a station (STA), a link report signal including link quality information about the link between the first AP and the STA and link quality information about the link between the second AP and the STA; and selects the first AP as a shared AP on the basis of first and second capability information and the link quality information. | T92: =COUNTA(_xlfn.TEXTSPLIT(Q92, "|")) -> 6 | U92: =_xlfn.LET( _xlpm.authors, _xlfn.TEXTSPLIT(Q92, "|"), _xlpm.countAuthors, COUNTA(_xlpm.authors), _xlpm.ratio, 1 / _xlpm.countAuthors, _xlpm.ratio ) -> 0.16666667 | V92: =300*표1[[#This Row],[열1]] -> 50
A93: 92 | B93: US | C93: METHOD FOR TRANSMITTING OR RECEIVING FRAME IN WIRELESS LAN SYSTEM AND APPARATUS THEREFOR | D93: A1 | E93: 16759905 | F93: 2018.10.30 | G93: 20210185612 | H93: 2021.06.17 | K93: 20210185612 | L93: PCT/KR2018/012995 | M93: 20181030 | P93: LG Electronics Inc. | Q93: Taewon SONG|Suhwook KIM|Jeongki KIM|Kiseon RYU|Jinsoo CHOI | S93: A method for receiving a WUR frame by a STA in a WLAN according to one embodiment of the present invention may comprise the steps of: receiving a WUR frame comprising a frame control field, an address field, a TD control field, and a frame body; and acquiring BSSID-related information, SSID-related information, and PCR channel-related information from the WUR frame, according to a determination that the WUR frame is a WUR frame for broadcasting information used to find an AP, wherein: the BSSID-related information is obtained by abbreviating an entire BSSID of the AP, and a first part and a second part of the abbreviated BSSID are acquired from the address field and the TD control field, respectively; and the SSID-related information is obtained by abbreviating an entire SSID of the AP, and the abbreviated SSID is acquired from the frame body. | T93: =COUNTA(_xlfn.TEXTSPLIT(Q93, "|")) -> 5 | U93: =_xlfn.LET( _xlpm.authors, _xlfn.TEXTSPLIT(Q93, "|"), _xlpm.countAuthors, COUNTA(_xlpm.authors), _xlpm.ratio, 1 / _xlpm.countAuthors, _xlpm.ratio ) -> 0.2 | V93: =300*표1[[#This Row],[열1]] -> 60
A94: 93 | B94: US | C94: METHOD AND APPARATUS FOR RECEIVING IMPORTANT UPDATE INFORMATION VIA MULTI-LINK ELEMENT IN WIRELESS LAN SYSTEM | D94: A1 | E94: 18007675 | F94: 2021.06.09 | G94: 20230224989 | H94: 2023.07.13 | K94: 20230224989 | L94: PCT/KR2021/007227 | M94: 20210609 | P94: LG Electronics Inc. | Q94: Namyeong KIM|Jeongki KIM|Jinsoo CHOI|Taewon SONG|Insun JANG | S94: Proposed are a method and apparatus for receiving important update information via a multi-link element in a wireless LAN system. In detail, a reception MLD receives a multi-link element from a transmission MLD via a first link. The reception MLD decodes the multi-link element. The transmission MLD includes a first transmission STA operating in the first link and a second transmission STA operating in a second link. The multi-link element includes common information and link-specific information. The common information is changed when an important update occurs for the second transmission STA. | T94: =COUNTA(_xlfn.TEXTSPLIT(Q94, "|")) -> 5 | U94: =_xlfn.LET( _xlpm.authors, _xlfn.TEXTSPLIT(Q94, "|"), _xlpm.countAuthors, COUNTA(_xlpm.authors), _xlpm.ratio, 1 / _xlpm.countAuthors, _xlpm.ratio ) -> 0.2 | V94: =300*표1[[#This Row],[열1]] -> 60
... A99: 98 | B99: US | C99: METHOD FOR TRANSMITTING OR RECEIVING FRAME IN WIRELESS LAN AND APPARATUS THEREFOR | D99: A1 | E99: 16634508 | F99: 2018.07.25 | G99: 20200236624 | H99: 2020.07.23 | K99: 20200236624 | L99: PCT/KR2018/008425 | M99: 20180725 | P99: LG Electronics Inc. | Q99: Jeongki KIM|Kiseon RYU|Suhwook KIM|Taewon SONG|Jinsoo CHOI | S99: A method by which a station (STA) receives a frame in a wireless LAN (WLAN), according to one embodiment of the present disclosure, comprising: receiving a first primary connectivity radio (PCR) frame including a counter value related to a version of a PCR system parameter through a PCR; storing the counter value, which is acquired through the first PCR frame, and entering a wake-up radio (WUR) mode; receiving a first WUR frame through the WUR; and determining whether to perform wake up based on reception of the first WUR frame, wherein the first WUR frame includes a counter field, and the STA can determine whether to perform wake up based on whether a value of the counter field of the first WUR frame corresponds to the stored counter value. | T99: =COUNTA(_xlfn.TEXTSPLIT(Q99, "|")) -> 5 | U99: =_xlfn.LET( _xlpm.authors, _xlfn.TEXTSPLIT(Q99, "|"), _xlpm.countAuthors, COUNTA(_xlpm.authors), _xlpm.ratio, 1 / _xlpm.countAuthors, _xlpm.ratio ) -> 0.2 | V99: =300*표1[[#This Row],[열1]] -> 60
V100: =SUM(V2:V36) -> 1716.7857
